,source,target,s_value,weight,metric,distance,proximity
29,1,64,1.0,0.0366790582404,True,26.2635135135,0.0366790582404
60,1,144,1.0,0.00879885410272,True,112.651162791,0.00879885410272
67,1,156,1.0,0.00866843245846,True,114.361111111,0.00866843245846
73,1,175,1.0,0.032319391635,True,29.9411764706,0.032319391635
78,1,185,1.0,0.0171223418945,True,57.4032258065,0.0171223418945
86,1,203,1.0,0.0128398791541,True,76.8823529412,0.0128398791541
103,1,245,1.0,0.0244655581948,True,39.8737864078,0.0244655581948
107,1,253,1.0,0.0197005516154,True,49.76,0.0197005516154
108,1,254,1.0,0.012034767105,True,82.0925925926,0.012034767105
112,1,259,1.0,0.0223147872657,True,43.8133333333,0.0223147872657
115,1,282,1.0,0.0470859985785,True,20.2377358491,0.0470859985785
126,1,306,1.0,0.0360979802321,True,26.7023809524,0.0360979802321
135,1,320,1.0,0.019362745098,True,50.6455696203,0.019362745098
158,2,7,1.0,0.0206726319037,True,47.3731343284,0.0206726319037
170,2,51,1.0,0.0602327173169,True,15.6022727273,0.0602327173169
186,2,93,1.0,0.0145903479237,True,67.5384615385,0.0145903479237
207,2,157,1.0,0.0412208936438,True,23.2595419847,0.0412208936438
220,2,203,1.0,0.112469437653,True,7.89130434783,0.112469437653
227,2,230,1.0,0.047391623806,True,20.1007751938,0.047391623806
234,2,244,1.0,0.0250294464075,True,38.9529411765,0.0250294464075
254,2,311,1.0,0.0294820717131,True,32.9189189189,0.0294820717131
289,3,66,1.0,0.07005674378,True,13.2741433022,0.07005674378
292,3,89,1.0,0.058206295783,True,16.1802721088,0.058206295783
297,3,109,1.0,0.0767712217592,True,12.0257142857,0.0767712217592
309,3,160,1.0,0.0992348713193,True,9.07710280374,0.0992348713193
355,4,5,1.0,0.0230515916575,True,42.380952381,0.0230515916575
367,4,48,1.0,0.100626612606,True,8.93772893773,0.100626612606
385,4,110,1.0,0.0669031931069,True,13.946969697,0.0669031931069
400,4,155,1.0,0.0084622118471,True,117.172413793,0.0084622118471
424,4,251,1.0,0.00932568149211,True,106.230769231,0.00932568149211
429,4,278,1.0,0.0337808575141,True,28.6025641026,0.0337808575141
443,4,332,1.0,0.0445665445665,True,21.4383561644,0.0445665445665
464,5,45,1.0,0.0570040899796,True,16.5426008969,0.0570040899796
479,5,89,1.0,0.0281622911695,True,34.5084745763,0.0281622911695
485,5,110,1.0,0.0257510729614,True,37.8333333333,0.0257510729614
495,5,147,1.0,0.0123131046614,True,80.2142857143,0.0123131046614
524,5,311,1.0,0.0168725519735,True,58.2678571429,0.0168725519735
542,6,29,1.0,0.0582743988685,True,16.1601941748,0.0582743988685
545,6,44,1.0,0.0213562307354,True,45.824742268,0.0213562307354
582,6,163,1.0,0.0242245868236,True,40.2803738318,0.0242245868236
600,6,239,1.0,0.077308817384,True,11.9351351351,0.077308817384
607,6,274,1.0,0.0507322175732,True,18.7113402062,0.0507322175732
611,6,289,1.0,0.178439641539,True,4.60413589365,0.178439641539
620,6,311,1.0,0.0109066121336,True,90.6875,0.0109066121336
663,7,93,1.0,0.022076092062,True,44.2978723404,0.022076092062
666,7,105,1.0,0.0175942549372,True,55.8367346939,0.0175942549372
683,7,144,1.0,0.0113765642776,True,86.9,0.0113765642776
719,7,244,1.0,0.03478566409,True,27.7474747475,0.03478566409
724,7,265,1.0,0.0642468239564,True,14.5649717514,0.0642468239564
726,7,278,1.0,0.0265410958904,True,36.6774193548,0.0265410958904
730,7,289,1.0,0.0306560392397,True,31.62,0.0306560392397
756,8,34,1.0,0.0167737330478,True,58.6170212766,0.0167737330478
762,8,72,1.0,0.0215855572998,True,45.3272727273,0.0215855572998
772,8,102,1.0,0.0598417408506,True,15.7107438017,0.0598417408506
778,8,117,1.0,0.0188298587761,True,52.1071428571,0.0188298587761
783,8,147,1.0,0.0172209026128,True,57.0689655172,0.0172209026128
795,8,197,1.0,0.0107851596204,True,91.72,0.0107851596204
808,8,245,1.0,0.0165574335978,True,59.3958333333,0.0165574335978
816,8,285,1.0,0.0212084833934,True,46.1509433962,0.0212084833934
822,8,304,1.0,0.10312129593,True,8.69731800766,0.10312129593
824,8,310,1.0,0.0344431687715,True,28.0333333333,0.0344431687715
835,8,344,1.0,0.0569506726457,True,16.5590551181,0.0569506726457
845,9,24,1.0,0.0195996663887,True,50.0212765957,0.0195996663887
856,9,77,1.0,0.0576184379001,True,16.3555555556,0.0576184379001
862,9,92,1.0,0.0202720041057,True,48.3291139241,0.0202720041057
868,9,129,1.0,0.0433686333838,True,22.0581395349,0.0433686333838
880,9,180,1.0,0.0301234567901,True,32.1967213115,0.0301234567901
914,9,309,1.0,0.0489361702128,True,19.4347826087,0.0489361702128
922,9,331,1.0,0.00940665701881,True,105.307692308,0.00940665701881
924,9,341,1.0,0.052528548124,True,18.0372670807,0.052528548124
930,10,71,1.0,0.0902255639098,True,10.0833333333,0.0902255639098
932,10,101,1.0,0.0800865800866,True,11.4864864865,0.0800865800866
941,10,233,1.0,0.0411160058737,True,23.3214285714,0.0411160058737
943,10,262,1.0,0.0609137055838,True,15.4166666667,0.0609137055838
949,11,16,1.0,0.0617361610352,True,15.1979621543,0.0617361610352
950,11,19,1.0,0.0655448043753,True,14.2567394095,0.0655448043753
959,11,74,1.0,0.0677908651809,True,13.75125,0.0677908651809
965,11,111,1.0,0.0694505494505,True,13.3987341772,0.0694505494505
981,11,193,1.0,0.0614872931946,True,15.2635228849,0.0614872931946
988,11,247,1.0,0.049737496546,True,19.1055555556,0.049737496546
998,11,293,1.0,0.0760962293124,True,12.1412556054,0.0760962293124
1017,12,18,1.0,0.00483675937122,True,205.75,0.00483675937122
1048,12,136,1.0,0.100358422939,True,8.96428571429,0.100358422939
1057,12,161,1.0,0.10349915683,True,8.66191446029,0.10349915683
1072,12,214,1.0,0.105541455161,True,8.4749498998,0.105541455161
1115,12,369,1.0,0.0457888493476,True,20.8393782383,0.0457888493476
1124,13,86,1.0,0.0387387387387,True,24.8139534884,0.0387387387387
1126,13,95,1.0,0.0361328125,True,26.6756756757,0.0361328125
1131,13,164,1.0,0.0295809367297,True,32.8055555556,0.0295809367297
1133,13,177,1.0,0.0343642611684,True,28.1,0.0343642611684
1136,13,210,1.0,0.0443609022556,True,21.5423728814,0.0443609022556
1144,13,243,1.0,0.0269565217391,True,36.0967741935,0.0269565217391
1146,13,258,1.0,0.0470016207455,True,20.275862069,0.0470016207455
1153,13,325,1.0,0.0477568740955,True,19.9393939394,0.0477568740955
1155,13,329,1.0,0.0264227642276,True,36.8461538462,0.0264227642276
1157,13,348,1.0,0.0507575757576,True,18.7014925373,0.0507575757576
1181,14,85,1.0,0.036683107275,True,26.2605042017,0.036683107275
1183,14,90,1.0,0.0305131761442,True,31.7727272727,0.0305131761442
1198,14,154,1.0,0.0799038750375,True,11.515037594,0.0799038750375
1199,14,157,1.0,0.0339789330615,True,28.43,0.0339789330615
1212,14,203,1.0,0.0270935960591,True,35.9090909091,0.0270935960591
1234,14,299,1.0,0.016081871345,True,61.1818181818,0.016081871345
1239,14,311,1.0,0.0281970948448,True,34.4646464646,0.0281970948448
1243,14,332,1.0,0.0159122085048,True,61.8448275862,0.0159122085048
1256,15,30,1.0,0.0564263322884,True,16.7222222222,0.0564263322884
1268,15,60,1.0,0.12882339808,True,6.76256499133,0.12882339808
1283,15,119,1.0,0.0594262295082,True,15.8275862069,0.0594262295082
1291,15,136,1.0,0.0197331328698,True,49.6761904762,0.0197331328698
1299,15,161,1.0,0.0190513990871,True,51.4895833333,0.0190513990871
1303,15,170,1.0,0.00794551645857,True,124.857142857,0.00794551645857
1324,15,225,1.0,0.0284220100045,True,34.184,0.0284220100045
1327,15,237,1.0,0.0421574705518,True,22.7205882353,0.0421574705518
1371,16,19,1.0,0.0628963600035,True,14.8991712707,0.0628963600035
1378,16,74,1.0,0.059817152808,True,15.7176128093,0.059817152808
1382,16,111,1.0,0.062850932802,True,14.9106628242,0.062850932802
1398,16,193,1.0,0.0637280934679,True,14.6916666667,0.0637280934679
1405,16,247,1.0,0.0667185372496,True,13.9883381924,0.0667185372496
1412,16,293,1.0,0.0600260983036,True,15.6594202899,0.0600260983036
1414,16,301,1.0,0.0408163265306,True,23.5,0.0408163265306
1445,17,58,1.0,0.0289196071299,True,33.5786163522,0.0289196071299
1451,17,75,1.0,0.0704288939052,True,13.1987179487,0.0704288939052
1453,17,82,1.0,0.0299860529986,True,32.3488372093,0.0299860529986
1468,17,127,1.0,0.0314828166306,True,30.7633587786,0.0314828166306
1475,17,145,1.0,0.035153328347,True,27.4468085106,0.035153328347
1529,17,305,1.0,0.108108108108,True,8.25,0.108108108108
1540,17,327,1.0,0.0529089376054,True,17.9003984064,0.0529089376054
1553,17,364,1.0,0.0314842578711,True,30.7619047619,0.0314842578711
1626,18,248,1.0,0.0862266310568,True,10.5973451327,0.0862266310568
1645,18,300,1.0,0.0690765926986,True,13.4766839378,0.0690765926986
1651,18,314,1.0,0.0426094622392,True,22.4689655172,0.0426094622392
1664,18,365,1.0,0.013197586727,True,74.7714285714,0.013197586727
1678,19,74,1.0,0.0641549525989,True,14.5872611465,0.0641549525989
1683,19,111,1.0,0.0608615021495,True,15.4307479224,0.0608615021495
1700,19,193,1.0,0.0832631756188,True,11.0101112235,0.0832631756188
1710,19,229,1.0,0.0390710052014,True,24.5944272446,0.0390710052014
1717,19,247,1.0,0.0635406354064,True,14.7379603399,0.0635406354064
1728,19,293,1.0,0.0675731018101,True,13.7987878788,0.0675731018101
1746,19,347,1.0,0.0201517601692,True,48.6234567901,0.0201517601692
1753,20,115,1.0,0.0881147540984,True,10.3488372093,0.0881147540984
1754,20,148,1.0,0.0616883116883,True,15.2105263158,0.0616883116883
1759,20,176,1.0,0.0504322766571,True,18.8285714286,0.0504322766571
1765,20,250,1.0,0.0660066006601,True,14.15,0.0660066006601
1769,20,339,1.0,0.09375,True,9.66666666667,0.09375
1772,21,24,1.0,0.0385022960085,True,24.9724770642,0.0385022960085
1792,21,143,1.0,0.0483074753173,True,19.700729927,0.0483074753173
1793,21,149,1.0,0.059243006034,True,15.8796296296,0.059243006034
1804,21,191,1.0,0.029749576351,True,32.6139240506,0.029749576351
1826,21,288,1.0,0.0427637721755,True,22.384279476,0.0427637721755
1834,21,316,1.0,0.031983730819,True,30.2658959538,0.031983730819
1839,21,328,1.0,0.0834069623608,True,10.9894067797,0.0834069623608
1849,22,26,1.0,0.0468292682927,True,20.3541666667,0.0468292682927
1860,22,55,1.0,0.0478316326531,True,19.9066666667,0.0478316326531
1861,22,57,1.0,0.0282044121754,True,34.4554455446,0.0282044121754
1871,22,82,1.0,0.12423500612,True,7.04926108374,0.12423500612
1886,22,124,1.0,0.0215804506506,True,45.3382352941,0.0215804506506
1915,22,199,1.0,0.0457848837209,True,20.8412698413,0.0457848837209
1943,22,298,1.0,0.0239218328841,True,40.8028169014,0.0239218328841
1987,23,136,1.0,0.0338063439065,True,28.5802469136,0.0338063439065
2009,23,223,1.0,0.0369210114119,True,26.0848484848,0.0369210114119
2013,23,235,1.0,0.0573604060914,True,16.4336283186,0.0573604060914
2021,23,279,1.0,0.0409356725146,True,23.4285714286,0.0409356725146
2033,23,337,1.0,0.0492370295015,True,19.3099173554,0.0492370295015
2037,23,353,1.0,0.0148942508192,True,66.14,0.0148942508192
2039,23,369,1.0,0.0913229018492,True,9.95015576324,0.0913229018492
2042,24,30,1.0,0.0056985655335,True,174.482758621,0.0056985655335
2052,24,80,1.0,0.0246245197345,True,39.609929078,0.0246245197345
2055,24,91,1.0,0.00494942973962,True,201.043478261,0.00494942973962
2068,24,149,1.0,0.0406885758998,True,23.5769230769,0.0406885758998
2076,24,186,1.0,0.0529153354633,True,17.8981132075,0.0529153354633
2095,24,266,1.0,0.0369363244958,True,26.0736196319,0.0369363244958
2105,24,302,1.0,0.0276795005203,True,35.1278195489,0.0276795005203
2108,24,316,1.0,0.0467730239304,True,20.3798449612,0.0467730239304
2110,24,322,1.0,0.038198498749,True,25.1790393013,0.038198498749
2113,24,328,1.0,0.0582426778243,True,16.1695402299,0.0582426778243
2115,24,331,1.0,0.00889001778004,True,111.485714286,0.00889001778004
2129,25,29,1.0,0.0346218487395,True,27.8834951456,0.0346218487395
2132,25,44,1.0,0.0830836284391,True,11.0360655738,0.0830836284391
2140,25,67,1.0,0.0226656812023,True,43.1195652174,0.0226656812023
2144,25,78,1.0,0.0231868428148,True,42.1279069767,0.0231868428148
2191,25,198,1.0,0.0355344980752,True,27.1416666667,0.0355344980752
2216,25,274,1.0,0.0294568886161,True,32.9479166667,0.0294568886161
2230,25,303,1.0,0.0396475770925,True,24.2222222222,0.0396475770925
2255,26,39,1.0,0.106755337767,True,8.36721311475,0.106755337767
2263,26,55,1.0,0.0479084733643,True,19.8731343284,0.0479084733643
2301,26,182,1.0,0.0204009848751,True,48.0172413793,0.0204009848751
2367,27,46,1.0,0.0682953914492,True,13.6422764228,0.0682953914492
2402,27,171,1.0,0.0272321428571,True,35.7213114754,0.0272321428571
2413,27,209,1.0,0.104155423637,True,8.60103626943,0.104155423637
2420,27,236,1.0,0.0412991178829,True,23.213592233,0.0412991178829
2462,28,32,1.0,0.122543950362,True,7.16033755274,0.122543950362
2480,28,141,1.0,0.0296650717703,True,32.7096774194,0.0296650717703
2517,28,352,1.0,0.0416138036031,True,23.0304878049,0.0416138036031
2537,29,114,1.0,0.0848246241947,True,10.7890295359,0.0848246241947
2544,29,157,1.0,0.0115251632731,True,85.7666666667,0.0115251632731
2548,29,167,1.0,0.0174603174603,True,56.2727272727,0.0174603174603
2588,30,47,1.0,0.0230125523013,True,42.4545454545,0.0230125523013
2602,30,119,1.0,0.0626151012891,True,14.9705882353,0.0626151012891
2631,30,224,1.0,0.0311418685121,True,31.1111111111,0.0311418685121
2632,30,225,1.0,0.0295719844358,True,32.8157894737,0.0295719844358
2635,30,237,1.0,0.0986294664709,True,9.13895781638,0.0986294664709
2691,31,189,1.0,0.0283433133733,True,34.2816901408,0.0283433133733
2697,31,227,1.0,0.206692913386,True,3.8380952381,0.206692913386
2724,31,323,1.0,0.046942800789,True,20.3025210084,0.046942800789
2762,32,141,1.0,0.0356514084507,True,27.049382716,0.0356514084507
2774,32,170,1.0,0.00574162679426,True,173.166666667,0.00574162679426
2783,32,207,1.0,0.0774647887324,True,11.9090909091,0.0774647887324
2816,32,352,1.0,0.0433729101042,True,22.0558659218,0.0433729101042
2818,32,360,1.0,0.00461589185625,True,215.642857143,0.00461589185625
2824,33,71,1.0,0.0566534914361,True,16.6511627907,0.0566534914361
2842,33,233,1.0,0.337643678161,True,1.96170212766,0.337643678161
2867,34,61,1.0,0.0693928128872,True,13.4107142857,0.0693928128872
2877,34,98,1.0,0.0455319148936,True,20.9626168224,0.0455319148936
2878,34,102,1.0,0.0222634508349,True,43.9166666667,0.0222634508349
2883,34,114,1.0,0.0137672090113,True,71.6363636364,0.0137672090113
2884,34,117,1.0,0.0194591029024,True,50.3898305085,0.0194591029024
2918,34,251,1.0,0.0949678395762,True,9.52988047809,0.0949678395762
2939,34,310,1.0,0.0174767886401,True,56.21875,0.0174767886401
2949,34,362,1.0,0.0405234276066,True,23.6770833333,0.0405234276066
2978,35,107,1.0,0.0429852320675,True,22.263803681,0.0429852320675
2983,35,121,1.0,0.0467986030268,True,20.368159204,0.0467986030268
2990,35,139,1.0,0.0205494267791,True,47.6631578947,0.0205494267791
3003,35,175,1.0,0.062080858402,True,15.1080246914,0.062080858402
3009,35,195,1.0,0.0513798519183,True,18.4628820961,0.0513798519183
3012,35,202,1.0,0.0198221092757,True,49.4487179487,0.0198221092757
3042,35,282,1.0,0.0413648494091,True,23.1751152074,0.0413648494091
3124,36,204,1.0,0.0370946822309,True,25.958041958,0.0370946822309
3126,36,207,1.0,0.0508533611982,True,18.6643835616,0.0508533611982
3145,36,270,1.0,0.0352449223417,True,27.3728813559,0.0352449223417
3165,36,337,1.0,0.0186655224201,True,52.5747126437,0.0186655224201
3169,36,352,1.0,0.105442176871,True,8.48387096774,0.105442176871
3176,37,44,1.0,0.0556868925663,True,16.9575471698,0.0556868925663
3186,37,66,1.0,0.0133708655876,True,73.7894736842,0.0133708655876
3198,37,113,1.0,0.0413597733711,True,23.1780821918,0.0413597733711
3242,37,234,1.0,0.0926508435802,True,9.79320987654,0.0926508435802
3260,37,299,1.0,0.0614268440145,True,15.2795275591,0.0614268440145
3287,39,73,1.0,0.0112810228127,True,87.6444444444,0.0112810228127
3298,39,124,1.0,0.0487562189055,True,19.5102040816,0.0487562189055
3310,39,166,1.0,0.0198257735056,True,49.4393939394,0.0198257735056
3338,39,275,1.0,0.0245271867612,True,39.7710843373,0.0245271867612
3347,39,298,1.0,0.0422929045788,True,22.6446280992,0.0422929045788
3353,39,319,1.0,0.078869047619,True,11.679245283,0.078869047619
3365,41,55,1.0,0.0492537313433,True,19.303030303,0.0492537313433
3373,41,77,1.0,0.0150624540779,True,65.3902439024,0.0150624540779
3383,41,124,1.0,0.0219657483246,True,44.5254237288,0.0219657483246
3394,41,166,1.0,0.0205620287868,True,47.6333333333,0.0205620287868
3428,41,298,1.0,0.154365436544,True,5.47813411079,0.154365436544
3442,41,345,1.0,0.0207382828702,True,47.22,0.0207382828702
3455,42,125,1.0,0.0140632847815,True,70.1071428571,0.0140632847815
3461,42,184,1.0,0.151059466849,True,5.61990950226,0.151059466849
3472,42,317,1.0,0.132371392723,True,6.55450236967,0.132371392723
3476,42,335,1.0,0.147462686567,True,5.78137651822,0.147462686567
3480,42,359,1.0,0.0639324487334,True,14.641509434,0.0639324487334
3493,43,92,1.0,0.0768786127168,True,12.007518797,0.0768786127168
3499,43,129,1.0,0.0245059288538,True,39.8064516129,0.0245059288538
3508,43,180,1.0,0.0540177371674,True,17.5124378109,0.0540177371674
3530,43,271,1.0,0.0253757083025,True,38.4077669903,0.0253757083025
3531,43,273,1.0,0.0335144927536,True,28.8378378378,0.0335144927536
3533,43,276,1.0,0.0105503279156,True,93.7837837838,0.0105503279156
3544,43,330,1.0,0.054587306807,True,17.3192771084,0.054587306807
3564,44,67,1.0,0.0269213069489,True,36.1452991453,0.0269213069489
3566,44,72,1.0,0.0126849894292,True,77.8333333333,0.0126849894292
3568,44,78,1.0,0.0285499624343,True,34.0263157895,0.0285499624343
3583,44,132,1.0,0.037037037037,True,26.0,0.037037037037
3594,44,156,1.0,0.0139046538025,True,70.9183673469,0.0139046538025
3602,44,183,1.0,0.0354922279793,True,27.1751824818,0.0354922279793
3608,44,198,1.0,0.0264079762867,True,36.8673469388,0.0264079762867
3632,44,274,1.0,0.0344146685472,True,28.0573770492,0.0344146685472
3664,45,66,1.0,0.109223822834,True,8.15551181102,0.109223822834
3755,45,366,1.0,0.141331142153,True,6.07558139535,0.141331142153
3794,46,209,1.0,0.058434399118,True,16.1132075472,0.058434399118
3805,46,248,1.0,0.063042485153,True,14.8623188406,0.063042485153
3821,46,308,1.0,0.0461956521739,True,20.6470588235,0.0461956521739
3840,47,91,1.0,0.0818181818182,True,11.2222222222,0.0818181818182
3853,47,173,1.0,0.0107744107744,True,91.8125,0.0107744107744
3862,47,206,1.0,0.0739059967585,True,12.5307017544,0.0739059967585
3876,47,249,1.0,0.0484922575387,True,19.6218487395,0.0484922575387
3922,48,109,1.0,0.0407378939277,True,23.5471698113,0.0407378939277
3927,48,128,1.0,0.0134228187919,True,73.5,0.0134228187919
3941,48,160,1.0,0.048465266559,True,19.6333333333,0.048465266559
3987,48,332,1.0,0.0711566617862,True,13.0534979424,0.0711566617862
4051,49,197,1.0,0.0266365688488,True,36.5423728814,0.0266365688488
4067,49,253,1.0,0.067160924553,True,13.8896103896,0.067160924553
4088,49,307,1.0,0.0312857687905,True,30.9634146341,0.0312857687905
4091,49,323,1.0,0.0384482161413,True,25.009009009,0.0384482161413
4092,49,324,1.0,0.0736278447122,True,12.5818181818,0.0736278447122
4100,49,350,1.0,0.0488262910798,True,19.4807692308,0.0488262910798
4131,50,157,1.0,0.0344168260038,True,28.0555555556,0.0344168260038
4145,50,203,1.0,0.021021021021,True,46.5714285714,0.021021021021
4152,50,230,1.0,0.0320629159105,True,30.1886792453,0.0320629159105
4156,50,244,1.0,0.0608537693006,True,15.4328358209,0.0608537693006
4171,50,311,1.0,0.040380952381,True,23.7641509434,0.040380952381
4214,51,157,1.0,0.0414465664364,True,23.1274509804,0.0414465664364
4220,51,183,1.0,0.0157612340711,True,62.4468085106,0.0157612340711
4228,51,213,1.0,0.10152284264,True,8.85,0.10152284264
4256,51,311,1.0,0.0309617918314,True,31.2978723404,0.0309617918314
4261,51,361,1.0,0.0214818062253,True,45.5510204082,0.0214818062253
4285,52,130,1.0,0.064596716631,True,14.4806629834,0.064596716631
4307,52,209,1.0,0.0393883225209,True,24.3882352941,0.0393883225209
4332,52,284,1.0,0.0604416892677,True,15.5448717949,0.0604416892677
4343,52,314,1.0,0.0432752179328,True,22.1079136691,0.0432752179328
4403,53,175,1.0,0.128720525705,True,6.76876876877,0.128720525705
4443,53,296,1.0,0.0148404650012,True,66.3833333333,0.0148404650012
4447,53,306,1.0,0.0461847389558,True,20.652173913,0.0461847389558
4458,53,342,1.0,0.164840182648,True,5.06648199446,0.164840182648
4471,54,63,1.0,0.0397867104184,True,24.1340206186,0.0397867104184
4476,54,79,1.0,0.0237859266601,True,41.0416666667,0.0237859266601
4479,54,87,1.0,0.159542743539,True,5.26791277259,0.159542743539
4490,54,130,1.0,0.014468371467,True,68.1162790698,0.014468371467
4495,54,159,1.0,0.0201646090535,True,48.5918367347,0.0201646090535
4498,54,179,1.0,0.020796460177,True,47.085106383,0.020796460177
4503,54,190,1.0,0.0540897097625,True,17.487804878,0.0540897097625
4543,54,365,1.0,0.0768573868488,True,12.0111111111,0.0768573868488
4604,55,275,1.0,0.0246991766941,True,39.4871794872,0.0246991766941
4640,57,58,1.0,0.0753704101353,True,12.2678062678,0.0753704101353
4719,57,276,1.0,0.0254010695187,True,38.3684210526,0.0254010695187
4739,57,315,1.0,0.0870535714286,True,10.4871794872,0.0870535714286
4788,58,127,1.0,0.0517092167893,True,18.3389121339,0.0517092167893
4793,58,134,1.0,0.0465838509317,True,20.4666666667,0.0465838509317
4799,58,145,1.0,0.0620922384702,True,15.1050724638,0.0620922384702
4814,58,182,1.0,0.0266636791396,True,36.5042016807,0.0266636791396
4843,58,254,1.0,0.0277194456111,True,35.0757575758,0.0277194456111
4866,58,305,1.0,0.0345762711864,True,27.9215686275,0.0345762711864
4912,59,204,1.0,0.0440501682472,True,21.7013888889,0.0440501682472
4919,59,225,1.0,0.0159521435693,True,61.6875,0.0159521435693
4927,59,326,1.0,0.00463883366468,True,214.571428571,0.00463883366468
4928,59,331,1.0,0.0524737631184,True,18.0571428571,0.0524737631184
4930,59,343,1.0,0.0180768265127,True,54.3194444444,0.0180768265127
4931,59,349,1.0,0.0148799458911,True,66.2045454545,0.0148799458911
4932,59,352,1.0,0.0749185667752,True,12.347826087,0.0749185667752
4937,60,86,1.0,0.00606060606061,True,164.0,0.00606060606061
4942,60,119,1.0,0.0706721417765,True,13.1498470948,0.0706721417765
4966,60,196,1.0,0.0301733843729,True,32.1417910448,0.0301733843729
4967,60,204,1.0,0.0165685633312,True,59.3552631579,0.0165685633312
4987,60,249,1.0,0.0258426966292,True,37.6956521739,0.0258426966292
5009,60,349,1.0,0.0206482593037,True,47.4302325581,0.0206482593037
5033,61,107,1.0,0.023742227247,True,41.119047619,0.023742227247
5043,61,147,1.0,0.0627802690583,True,14.9285714286,0.0627802690583
5057,61,189,1.0,0.0481470674059,True,19.7696969697,0.0481470674059
5080,61,251,1.0,0.0491603053435,True,19.3416149068,0.0491603053435
5087,61,259,1.0,0.0140364188164,True,70.2432432432,0.0140364188164
5099,61,285,1.0,0.0409105905642,True,23.4435483871,0.0409105905642
5105,61,296,1.0,0.0305637982196,True,31.7184466019,0.0305637982196
5112,61,307,1.0,0.0481366459627,True,19.7741935484,0.0481366459627
5155,63,125,1.0,0.0832943378568,True,11.0056179775,0.0832943378568
5164,63,153,1.0,0.0791814946619,True,11.6292134831,0.0791814946619
5174,63,179,1.0,0.0401069518717,True,23.9333333333,0.0401069518717
5202,63,260,1.0,0.044044044044,True,21.7045454545,0.044044044044
5222,63,313,1.0,0.0353513035793,True,27.2875,0.0353513035793
5247,64,88,1.0,0.0429116338207,True,22.3037037037,0.0429116338207
5249,64,90,1.0,0.0178372352285,True,55.0625,0.0178372352285
5256,64,107,1.0,0.0318212593094,True,30.4255319149,0.0318212593094
5266,64,139,1.0,0.0597886540601,True,15.7255813953,0.0597886540601
5298,64,282,1.0,0.0254332658114,True,38.3185840708,0.0254332658114
5355,65,163,1.0,0.014502094747,True,67.9555555556,0.014502094747
5367,65,217,1.0,0.0490451388889,True,19.389380531,0.0490451388889
5383,65,278,1.0,0.039512195122,True,24.3086419753,0.039512195122
5393,65,332,1.0,0.0236016812156,True,41.3698630137,0.0236016812156
5396,65,366,1.0,0.037454164484,True,25.6993006993,0.037454164484
5398,65,368,1.0,0.0506965944272,True,18.7251908397,0.0506965944272
5428,66,217,1.0,0.0251985757327,True,38.6847826087,0.0251985757327
5447,66,354,1.0,0.0750996433816,True,12.3156424581,0.0750996433816
5463,67,113,1.0,0.0333584148483,True,28.977443609,0.0333584148483
5466,67,132,1.0,0.0818181818182,True,11.2222222222,0.0818181818182
5469,67,144,1.0,0.0321913083467,True,30.0642857143,0.0321913083467
5474,67,157,1.0,0.0209366391185,True,46.7631578947,0.0209366391185
5501,67,274,1.0,0.0497267759563,True,19.1098901099,0.0497267759563
5512,67,303,1.0,0.0410256410256,True,23.375,0.0410256410256
5527,67,361,1.0,0.0640318627451,True,14.6172248804,0.0640318627451
5538,69,100,1.0,0.237053245806,True,3.21846153846,0.237053245806
5624,69,355,1.0,0.0756227758007,True,12.2235294118,0.0756227758007
5625,69,360,1.0,0.0187723480334,True,52.2698412698,0.0187723480334
5634,70,76,1.0,0.103634577603,True,8.64928909953,0.103634577603
5644,70,125,1.0,0.0406587750901,True,23.5949367089,0.0406587750901
5645,70,128,1.0,0.0865539452496,True,10.5534883721,0.0865539452496
5696,70,318,1.0,0.0225398570643,True,43.3658536585,0.0225398570643
5708,71,101,1.0,0.132508833922,True,6.54666666667,0.132508833922
5710,71,118,1.0,0.101923076923,True,8.81132075472,0.101923076923
5714,71,167,1.0,0.00298685782557,True,333.8,0.00298685782557
5723,71,262,1.0,0.0725244072524,True,12.7884615385,0.0725244072524
5739,72,93,1.0,0.0565539112051,True,16.6822429907,0.0565539112051
5745,72,114,1.0,0.0320579110651,True,30.1935483871,0.0320579110651
5753,72,144,1.0,0.020537601933,True,47.6911764706,0.020537601933
5763,72,169,1.0,0.0311614730878,True,31.0909090909,0.0311614730878
5771,72,197,1.0,0.0121951219512,True,81.0,0.0121951219512
5791,72,256,1.0,0.00845410628019,True,117.285714286,0.00845410628019
5823,73,77,1.0,0.0242837653479,True,40.1797752809,0.0242837653479
5831,73,116,1.0,0.0596162631339,True,15.7739463602,0.0596162631339
5832,73,129,1.0,0.0401269553389,True,23.9209039548,0.0401269553389
5842,73,180,1.0,0.0307760927743,True,31.4927536232,0.0307760927743
5870,73,271,1.0,0.0673984632272,True,13.8371335505,0.0673984632272
5872,73,273,1.0,0.0246023856859,True,39.6464646465,0.0246023856859
5887,73,309,1.0,0.0480377439417,True,19.8169642857,0.0480377439417
5913,74,111,1.0,0.0706224350205,True,13.1598062954,0.0706224350205
5925,74,188,1.0,0.014147735002,True,69.6826923077,0.014147735002
5927,74,193,1.0,0.0712851405622,True,13.0281690141,0.0712851405622
5931,74,229,1.0,0.0334504908496,True,28.8949275362,0.0334504908496
5935,74,247,1.0,0.0593006488825,True,15.8632218845,0.0593006488825
5944,74,293,1.0,0.0609357107803,True,15.410738255,0.0609357107803
5983,75,145,1.0,0.0272604588394,True,35.6831683168,0.0272604588394
6030,75,305,1.0,0.0898970804453,True,10.1238317757,0.0898970804453
6032,75,315,1.0,0.0175438596491,True,56.0,0.0175438596491
6038,75,327,1.0,0.109546539379,True,8.12854030501,0.109546539379
6076,76,159,1.0,0.101063829787,True,8.89473684211,0.101063829787
6088,76,190,1.0,0.0409756097561,True,23.4047619048,0.0409756097561
6126,76,286,1.0,0.0280701754386,True,34.625,0.0280701754386
6136,76,313,1.0,0.025629695095,True,38.0172413793,0.025629695095
6141,76,320,1.0,0.0238828967643,True,40.8709677419,0.0238828967643
6172,77,180,1.0,0.0478309232481,True,19.9069767442,0.0478309232481
6176,77,194,1.0,0.0357535753575,True,26.9692307692,0.0357535753575
6184,77,231,1.0,0.0252230083051,True,38.6463414634,0.0252230083051
6229,78,114,1.0,0.0276939950644,True,35.1089108911,0.0276939950644
6241,78,144,1.0,0.0172286487817,True,57.0428571429,0.0172286487817
6251,78,163,1.0,0.0320579110651,True,30.1935483871,0.0320579110651
6252,78,167,1.0,0.0117175454826,True,84.3421052632,0.0117175454826
6254,78,169,1.0,0.0234505862647,True,41.6428571429,0.0234505862647
6258,78,183,1.0,0.0553097345133,True,17.08,0.0553097345133
6272,78,217,1.0,0.0111627906977,True,88.5833333333,0.0111627906977
6276,78,226,1.0,0.00784810126582,True,126.419354839,0.00784810126582
6279,78,239,1.0,0.0259596183714,True,37.5213675214,0.0259596183714
6300,78,299,1.0,0.0315668202765,True,30.6788321168,0.0315668202765
6302,78,303,1.0,0.0227748691099,True,42.908045977,0.0227748691099
6377,79,313,1.0,0.260255548083,True,2.84237726098,0.260255548083
6386,80,83,1.0,0.0291550971837,True,33.2993197279,0.0291550971837
6398,80,143,1.0,0.027537235885,True,35.3144654088,0.027537235885
6401,80,149,1.0,0.0360279620004,True,26.7562189055,0.0360279620004
6409,80,186,1.0,0.0436573311367,True,21.9056603774,0.0436573311367
6431,80,266,1.0,0.0412101000476,True,23.2658959538,0.0412101000476
6435,80,277,1.0,0.062291870715,True,15.0534591195,0.062291870715
6443,80,302,1.0,0.0399912107229,True,24.0054945055,0.0399912107229
6445,80,306,1.0,0.00949040643697,True,104.369565217,0.00949040643697
6452,80,322,1.0,0.0382956701742,True,25.1126126126,0.0382956701742
6475,82,116,1.0,0.00956480153037,True,103.55,0.00956480153037
6493,82,166,1.0,0.0515097690941,True,18.4137931034,0.0515097690941
6544,82,346,1.0,0.055775839281,True,16.9289099526,0.055775839281
6557,83,143,1.0,0.0327217703802,True,29.5606936416,0.0327217703802
6567,83,186,1.0,0.030269058296,True,32.037037037,0.030269058296
6594,83,277,1.0,0.0396975425331,True,24.1904761905,0.0396975425331
6596,83,288,1.0,0.0253419147224,True,38.4603174603,0.0253419147224
6607,83,316,1.0,0.023498694517,True,41.5555555556,0.023498694517
6609,83,322,1.0,0.0630630630631,True,14.8571428571,0.0630630630631
6614,83,334,1.0,0.0342056459922,True,28.234939759,0.0342056459922
6625,84,95,1.0,0.0246516613076,True,39.5652173913,0.0246516613076
6637,84,210,1.0,0.0405186385737,True,23.68,0.0405186385737
6641,84,241,1.0,0.0446224256293,True,21.4102564103,0.0446224256293
6648,84,325,1.0,0.0650277557494,True,14.3780487805,0.0650277557494
6651,84,348,1.0,0.0405844155844,True,23.64,0.0405844155844
6656,85,90,1.0,0.0171601615074,True,57.2745098039,0.0171601615074
6664,85,106,1.0,0.226476578411,True,3.4154676259,0.226476578411
6696,85,203,1.0,0.047619047619,True,20.0,0.047619047619
6708,85,244,1.0,0.0149160969546,True,66.0416666667,0.0149160969546
6709,85,245,1.0,0.00835137643056,True,118.740740741,0.00835137643056
6713,85,265,1.0,0.0245669291339,True,39.7051282051,0.0245669291339
6745,86,164,1.0,0.0265780730897,True,36.625,0.0265780730897
6759,86,263,1.0,0.12274368231,True,7.14705882353,0.12274368231
6772,86,348,1.0,0.0300751879699,True,32.25,0.0300751879699
6803,87,179,1.0,0.0205840114888,True,47.5813953488,0.0205840114888
6808,87,190,1.0,0.0456905503634,True,20.8863636364,0.0456905503634
6851,87,365,1.0,0.0901068276823,True,10.0979381443,0.0901068276823
6852,87,367,1.0,0.0172997367431,True,56.8043478261,0.0172997367431
6859,88,103,1.0,0.0109184328838,True,90.5882352941,0.0109184328838
6862,88,112,1.0,0.030612244898,True,31.6666666667,0.030612244898
6866,88,121,1.0,0.0317948717949,True,30.4516129032,0.0317948717949
6873,88,139,1.0,0.0315840621963,True,30.6615384615,0.0315840621963
6888,88,195,1.0,0.066835443038,True,13.9621212121,0.066835443038
6890,88,200,1.0,0.0249277456647,True,39.115942029,0.0249277456647
6904,88,253,1.0,0.0184552289815,True,53.1851851852,0.0184552289815
6949,89,109,1.0,0.155161220515,True,5.44490934449,0.155161220515
6966,89,160,1.0,0.107303491112,True,8.31936127745,0.107303491112
6985,89,217,1.0,0.0175054704595,True,56.125,0.0175054704595
6987,89,224,1.0,0.0064530006453,True,153.966666667,0.0064530006453
7033,90,94,1.0,0.0298823529412,True,32.4645669291,0.0298823529412
7041,90,121,1.0,0.0250220783044,True,38.9647058824,0.0250220783044
7067,90,200,1.0,0.0163861824624,True,60.027027027,0.0163861824624
7071,90,222,1.0,0.024287856072,True,40.1728395062,0.024287856072
7113,90,340,1.0,0.0273159144893,True,35.6086956522,0.0273159144893
7129,91,119,1.0,0.0344998758997,True,27.9856115108,0.0344998758997
7144,91,161,1.0,0.0167281672817,True,58.7794117647,0.0167281672817
7197,91,326,1.0,0.00459770114943,True,216.5,0.00459770114943
7204,91,349,1.0,0.0439891533594,True,21.7328767123,0.0439891533594
7206,91,353,1.0,0.0231152204836,True,42.2615384615,0.0231152204836
7217,92,116,1.0,0.0531663516068,True,17.8088888889,0.0531663516068
7221,92,129,1.0,0.0330597889801,True,29.2482269504,0.0330597889801
7244,92,216,1.0,0.0436233611442,True,21.9234972678,0.0436233611442
7252,92,246,1.0,0.072094468614,True,12.8706896552,0.072094468614
7255,92,255,1.0,0.0108024691358,True,91.5714285714,0.0108024691358
7259,92,273,1.0,0.0257678292556,True,37.8080808081,0.0257678292556
7278,92,330,1.0,0.0367381018647,True,26.2196969697,0.0367381018647
7305,93,137,1.0,0.05,True,19.0,0.05
7325,93,231,1.0,0.0060218291306,True,165.0625,0.0060218291306
7335,93,278,1.0,0.0338496844521,True,28.5423728814,0.0338496844521
7361,94,121,1.0,0.0433133732535,True,22.0875576037,0.0433133732535
7371,94,139,1.0,0.0609423676012,True,15.4089456869,0.0609423676012
7375,94,147,1.0,0.0169728434505,True,57.9176470588,0.0169728434505
7389,94,195,1.0,0.0213046757164,True,45.9380530973,0.0213046757164
7392,94,200,1.0,0.0332480818414,True,29.0769230769,0.0332480818414
7402,94,222,1.0,0.0511201629328,True,18.561752988,0.0511201629328
7411,94,245,1.0,0.0214744299314,True,45.5670103093,0.0214744299314
7426,94,282,1.0,0.0258363696588,True,37.7051282051,0.0258363696588
7429,94,287,1.0,0.0455131748664,True,20.971659919,0.0455131748664
7435,94,304,1.0,0.0307443365696,True,31.5263157895,0.0307443365696
7436,94,306,1.0,0.021331738437,True,45.8785046729,0.021331738437
7446,94,342,1.0,0.0232902033272,True,41.9365079365,0.0232902033272
7461,95,210,1.0,0.0289389067524,True,33.5555555556,0.0289389067524
7465,95,243,1.0,0.0571992110454,True,16.4827586207,0.0571992110454
7466,95,258,1.0,0.030487804878,True,31.8,0.030487804878
7467,95,263,1.0,0.0276538804639,True,35.1612903226,0.0276538804639
7473,95,329,1.0,0.0308924485126,True,31.3703703704,0.0308924485126
7475,95,348,1.0,0.0527182866557,True,17.96875,0.0527182866557
7483,96,117,1.0,0.00914716168953,True,108.323529412,0.00914716168953
7485,96,124,1.0,0.0108292960958,True,91.3421052632,0.0108292960958
7487,96,127,1.0,0.0203380876915,True,48.1688311688,0.0203380876915
7490,96,134,1.0,0.0885430641266,True,10.2939393939,0.0885430641266
7491,96,138,1.0,0.0182232346241,True,53.875,0.0182232346241
7500,96,182,1.0,0.0485664131071,True,19.5903614458,0.0485664131071
7521,96,257,1.0,0.0273019271949,True,35.6274509804,0.0273019271949
7537,96,306,1.0,0.00796332046332,True,124.575757576,0.00796332046332
7540,96,315,1.0,0.0216779279279,True,45.1298701299,0.0216779279279
7544,96,322,1.0,0.0141518454771,True,69.6621621622,0.0141518454771
7548,96,327,1.0,0.0258368905864,True,37.7043478261,0.0258368905864
7556,96,364,1.0,0.031923546157,True,30.3248407643,0.031923546157
7559,97,117,1.0,0.0237191650854,True,41.16,0.0237191650854
7565,97,147,1.0,0.0265273311897,True,36.696969697,0.0265273311897
7566,97,158,1.0,0.0228782287823,True,42.7096774194,0.0228782287823
7593,97,296,1.0,0.0422535211268,True,22.6666666667,0.0422535211268
7595,97,304,1.0,0.0201912858661,True,48.5263157895,0.0201912858661
7609,97,362,1.0,0.0379403794038,True,25.3571428571,0.0379403794038
7619,98,147,1.0,0.0386853817186,True,24.8495575221,0.0386853817186
7631,98,227,1.0,0.0396869759642,True,24.1971830986,0.0396869759642
7644,98,295,1.0,0.174468085106,True,4.73170731707,0.174468085106
7649,98,310,1.0,0.017316017316,True,56.75,0.017316017316
7696,100,192,1.0,0.0212848297214,True,45.9818181818,0.0212848297214
7699,100,205,1.0,0.0554866707998,True,17.0223463687,0.0554866707998
7759,100,355,1.0,0.0614657210402,True,15.2692307692,0.0614657210402
7769,101,131,1.0,0.0421545667447,True,22.7222222222,0.0421545667447
7772,101,233,1.0,0.0635359116022,True,14.7391304348,0.0635359116022
7774,101,250,1.0,0.00719424460432,True,138.0,0.00719424460432
7789,102,126,1.0,0.00667302192564,True,148.857142857,0.00667302192564
7796,102,158,1.0,0.026734563972,True,36.4047619048,0.026734563972
7818,102,259,1.0,0.0106382978723,True,93.0,0.0106382978723
7829,102,296,1.0,0.0132058287796,True,74.724137931,0.0132058287796
7831,102,304,1.0,0.0442607003891,True,21.5934065934,0.0442607003891
7846,102,362,1.0,0.0161756210283,True,60.8214285714,0.0161756210283
7871,103,185,1.0,0.0160697887971,True,61.2285714286,0.0160697887971
7890,103,256,1.0,0.03772070626,True,25.5106382979,0.03772070626
7905,103,295,1.0,0.0191176470588,True,51.3076923077,0.0191176470588
7909,103,307,1.0,0.035312378735,True,27.3186813187,0.035312378735
7911,103,312,1.0,0.0352206865805,True,27.3924050633,0.0352206865805
7914,103,323,1.0,0.0342059336824,True,28.2346938776,0.0342059336824
7918,103,340,1.0,0.0739966555184,True,12.5141242938,0.0739966555184
7947,105,163,1.0,0.0134071699213,True,73.5869565217,0.0134071699213
7965,105,230,1.0,0.0210481099656,True,46.5102040816,0.0210481099656
7968,105,244,1.0,0.0315608919383,True,30.6847826087,0.0315608919383
7982,105,311,1.0,0.184128089105,True,4.43100189036,0.184128089105
8000,106,124,1.0,0.0148367952522,True,66.4,0.0148367952522
8014,106,167,1.0,0.0335041387466,True,28.8470588235,0.0335041387466
8064,107,112,1.0,0.0285989717224,True,33.9662921348,0.0285989717224
8070,107,135,1.0,0.11115120895,True,7.99675324675,0.11115120895
8084,107,189,1.0,0.0300703774792,True,32.2553191489,0.0300703774792
8194,109,332,1.0,0.082811747713,True,11.0755813953,0.082811747713
8209,110,117,1.0,0.016323024055,True,60.2631578947,0.016323024055
8210,110,119,1.0,0.0108392691236,True,91.2571428571,0.0108392691236
8250,110,354,1.0,0.0145789943469,True,67.5918367347,0.0145789943469
8257,110,368,1.0,0.0161642638707,True,60.8648648649,0.0161642638707
8278,111,193,1.0,0.0644633789483,True,14.5126835781,0.0644633789483
8279,111,194,1.0,0.00868830698685,True,114.097222222,0.00868830698685
8291,111,247,1.0,0.0641218503197,True,14.5953079179,0.0641218503197
8301,111,293,1.0,0.0574489623756,True,16.4067547724,0.0574489623756
8340,112,189,1.0,0.0482644628099,True,19.7191780822,0.0482644628099
8347,112,222,1.0,0.0419501133787,True,22.8378378378,0.0419501133787
8352,112,245,1.0,0.09367354072,True,9.67537313433,0.09367354072
8400,113,163,1.0,0.0734304932735,True,12.6183206107,0.0734304932735
8403,113,170,1.0,0.0033234859675,True,299.888888889,0.0033234859675
8423,113,232,1.0,0.00867789688617,True,114.235294118,0.00867789688617
8453,113,303,1.0,0.0651308304892,True,14.3537117904,0.0651308304892
8481,114,132,1.0,0.0232742660672,True,41.9659090909,0.0232742660672
8487,114,144,1.0,0.0264728782767,True,36.7745098039,0.0264728782767
8498,114,169,1.0,0.0183941605839,True,53.3650793651,0.0183941605839
8518,114,227,1.0,0.010707456979,True,92.3928571429,0.010707456979
8537,114,289,1.0,0.0383765875207,True,25.0575539568,0.0383765875207
8568,115,148,1.0,0.0821554770318,True,11.1720430108,0.0821554770318
8570,115,174,1.0,0.117770767613,True,7.49107142857,0.117770767613
8578,115,336,1.0,0.0909893992933,True,9.99029126214,0.0909893992933
8579,115,339,1.0,0.133099824869,True,6.51315789474,0.133099824869
8587,116,129,1.0,0.025988449578,True,37.4786324786,0.025988449578
8613,116,231,1.0,0.0482107355865,True,19.7422680412,0.0482107355865
8619,116,271,1.0,0.0509020618557,True,18.6455696203,0.0509020618557
8631,116,309,1.0,0.0515287577507,True,18.4066390041,0.0515287577507
8632,116,316,1.0,0.0205190102595,True,47.7352941176,0.0205190102595
8636,116,330,1.0,0.0244536940687,True,39.8936170213,0.0244536940687
8668,117,187,1.0,0.0848739495798,True,10.7821782178,0.0848739495798
8697,117,285,1.0,0.0448765893792,True,21.2833333333,0.0448765893792
8701,117,296,1.0,0.0193252538487,True,50.7457627119,0.0193252538487
8714,117,324,1.0,0.0325704225352,True,29.7027027027,0.0325704225352
8725,117,362,1.0,0.0323839250878,True,29.8795180723,0.0323839250878
8735,118,233,1.0,0.0540540540541,True,17.5,0.0540540540541
8737,118,262,1.0,0.0820244328098,True,11.1914893617,0.0820244328098
8775,119,206,1.0,0.0213055303717,True,45.9361702128,0.0213055303717
8782,119,224,1.0,0.0248756218905,True,39.2,0.0248756218905
8783,119,225,1.0,0.0259921095382,True,37.4732142857,0.0259921095382
8793,119,249,1.0,0.0214266341199,True,45.6708860759,0.0214266341199
8820,119,343,1.0,0.0294452887538,True,32.9612903226,0.0294452887538
8823,119,349,1.0,0.0265757290687,True,36.6283185841,0.0265757290687
8825,119,353,1.0,0.0439469320066,True,21.7547169811,0.0439469320066
8862,121,195,1.0,0.0291306326809,True,33.328125,0.0291306326809
8865,121,200,1.0,0.0197795071336,True,49.5573770492,0.0197795071336
8873,121,222,1.0,0.04150390625,True,23.0941176471,0.04150390625
8879,121,243,1.0,0.00472899236086,True,210.461538462,0.00472899236086
8885,121,253,1.0,0.0368968779565,True,26.1025641026,0.0368968779565
8935,124,150,1.0,0.0318153462258,True,30.431372549,0.0318153462258
8938,124,157,1.0,0.0169552669553,True,57.9787234043,0.0169552669553
8967,124,275,1.0,0.0329204693611,True,29.3762376238,0.0329204693611
8991,124,341,1.0,0.0137382501808,True,71.7894736842,0.0137382501808
8994,124,351,1.0,0.0570754716981,True,16.520661157,0.0570754716981
9001,125,128,1.0,0.0573959938367,True,16.4228187919,0.0573959938367
9045,125,238,1.0,0.0132450331126,True,74.5,0.0132450331126
9066,125,313,1.0,0.0294695481336,True,32.9333333333,0.0294695481336
9109,126,197,1.0,0.0198500220556,True,49.3777777778,0.0198500220556
9117,126,230,1.0,0.0182141270546,True,53.9024390244,0.0182141270546
9125,126,275,1.0,0.123188405797,True,7.11764705882,0.123188405797
9128,126,283,1.0,0.0298449612403,True,32.5064935065,0.0298449612403
9132,126,298,1.0,0.0202887241514,True,48.2884615385,0.0202887241514
9136,126,319,1.0,0.0293838862559,True,33.0322580645,0.0293838862559
9168,127,182,1.0,0.0232188295165,True,42.0684931507,0.0232188295165
9190,127,257,1.0,0.0627679118187,True,14.9317073171,0.0627679118187
9220,127,327,1.0,0.041677003225,True,22.994047619,0.041677003225
9225,127,345,1.0,0.0353950661423,True,27.2525252525,0.0353950661423
9242,128,153,1.0,0.0511593669488,True,18.5467625899,0.0511593669488
9244,128,158,1.0,0.0133805588351,True,73.7352941176,0.0133805588351
9250,128,179,1.0,0.0422322775264,True,22.6785714286,0.0422322775264
9254,128,190,1.0,0.0852644087938,True,10.7282229965,0.0852644087938
9343,129,194,1.0,0.0449795547478,True,21.2323232323,0.0449795547478
9363,129,271,1.0,0.0451111590762,True,21.1674641148,0.0451111590762
9364,129,273,1.0,0.0234472437017,True,41.6489361702,0.0234472437017
9381,129,330,1.0,0.0283068783069,True,34.3271028037,0.0283068783069
9385,129,341,1.0,0.0829383886256,True,11.0571428571,0.0829383886256
9441,130,284,1.0,0.0459770114943,True,20.75,0.0459770114943
9444,130,290,1.0,0.10017691287,True,8.98233995585,0.10017691287
9446,130,294,1.0,0.0347137637028,True,27.8070175439,0.0347137637028
9452,130,308,1.0,0.0222365452788,True,43.9710144928,0.0222365452788
9482,131,262,1.0,0.15991902834,True,5.25316455696,0.15991902834
9489,132,144,1.0,0.0253073029646,True,38.5142857143,0.0253073029646
9497,132,163,1.0,0.0226255594232,True,43.1978021978,0.0226255594232
9513,132,217,1.0,0.00925096985974,True,107.096774194,0.00925096985974
9518,132,239,1.0,0.0171489817792,True,57.3125,0.0171489817792
9551,132,361,1.0,0.0550667970023,True,17.1597633136,0.0550667970023
9556,132,368,1.0,0.00794302930704,True,124.896551724,0.00794302930704
9617,133,354,1.0,0.147156398104,True,5.79549114332,0.147156398104
9620,133,368,1.0,0.0896171693735,True,10.1585760518,0.0896171693735
9640,134,182,1.0,0.0531028095091,True,17.8313953488,0.0531028095091
9669,134,257,1.0,0.0260358342665,True,37.4086021505,0.0260358342665
9687,134,305,1.0,0.0223834196891,True,43.6759259259,0.0223834196891
9714,134,364,1.0,0.0467648942985,True,20.3835616438,0.0467648942985
9739,135,195,1.0,0.0524861878453,True,18.0526315789,0.0524861878453
9756,135,252,1.0,0.0436708860759,True,21.8985507246,0.0436708860759
9803,136,146,1.0,0.0654382234822,True,14.2815884477,0.0654382234822
9808,136,161,1.0,0.058646917534,True,16.0511945392,0.058646917534
9830,136,214,1.0,0.060867818401,True,15.4290429043,0.060867818401
9837,136,226,1.0,0.0273504273504,True,35.5625,0.0273504273504
9872,136,337,1.0,0.0257183398368,True,37.8827586207,0.0257183398368
9892,137,154,1.0,0.0628520604803,True,14.9103773585,0.0628520604803
9899,137,182,1.0,0.00907029478458,True,109.25,0.00907029478458
9909,137,203,1.0,0.020701754386,True,47.3050847458,0.020701754386
9924,137,244,1.0,0.047043449853,True,20.2569444444,0.047043449853
9928,137,265,1.0,0.0583554376658,True,16.1363636364,0.0583554376658
9993,138,257,1.0,0.0398936170213,True,24.0666666667,0.0398936170213
10010,138,315,1.0,0.0626313577133,True,14.966442953,0.0626313577133
10068,139,252,1.0,0.0831840286665,True,11.0215384615,0.0831840286665
10079,139,287,1.0,0.0555086534403,True,17.0152091255,0.0555086534403
10118,141,204,1.0,0.0295893719807,True,32.7959183673,0.0295893719807
10126,141,215,1.0,0.0680587780356,True,13.6931818182,0.0680587780356
10140,141,270,1.0,0.06238464378,True,15.0295857988,0.06238464378
10162,143,149,1.0,0.028207306712,True,34.4518072289,0.028207306712
10178,143,186,1.0,0.029304029304,True,33.125,0.029304029304
10205,143,263,1.0,0.00371944739639,True,267.857142857,0.00371944739639
10214,143,288,1.0,0.0798521256932,True,11.5231481481,0.0798521256932
10222,143,302,1.0,0.0235221926774,True,41.5130434783,0.0235221926774
10228,143,316,1.0,0.047533632287,True,20.0377358491,0.047533632287
10236,143,334,1.0,0.031686358754,True,30.5593220339,0.031686358754
10254,144,156,1.0,0.0279920022851,True,34.7244897959,0.0279920022851
10262,144,169,1.0,0.033902829685,True,28.4960629921,0.033902829685
10292,144,234,1.0,0.0277153558052,True,35.0810810811,0.0277153558052
10298,144,254,1.0,0.00816534830314,True,121.46875,0.00816534830314
10317,144,299,1.0,0.035138121547,True,27.4591194969,0.035138121547
10360,145,182,1.0,0.0419911953945,True,22.814516129,0.0419911953945
10436,145,364,1.0,0.0196428571429,True,49.9090909091,0.0196428571429
10440,146,156,1.0,0.0389310458595,True,24.686440678,0.0389310458595
10445,146,183,1.0,0.0136170212766,True,72.4375,0.0136170212766
10453,146,214,1.0,0.0516983016983,True,18.3429951691,0.0516983016983
10455,146,223,1.0,0.022699536246,True,43.0537634409,0.022699536246
10459,146,235,1.0,0.0502257336343,True,18.9101123596,0.0502257336343
10462,146,243,1.0,0.00564481111594,True,176.153846154,0.00564481111594
10480,146,337,1.0,0.0333260249945,True,29.0065789474,0.0333260249945
10484,146,369,1.0,0.0238454572895,True,40.9367088608,0.0238454572895
10488,147,158,1.0,0.0262225372077,True,37.1351351351,0.0262225372077
10496,147,187,1.0,0.0460133473832,True,20.7328244275,0.0460133473832
10519,147,285,1.0,0.0795262267343,True,11.5744680851,0.0795262267343
10524,147,296,1.0,0.0302496328928,True,32.0582524272,0.0302496328928
10530,147,310,1.0,0.0217755443886,True,44.9230769231,0.0217755443886
10552,148,176,1.0,0.0568720379147,True,16.5833333333,0.0568720379147
10558,148,250,1.0,0.0569561157796,True,16.5573770492,0.0569561157796
10560,148,267,1.0,0.07015130674,True,13.2549019608,0.07015130674
10563,148,336,1.0,0.136945812808,True,6.30215827338,0.136945812808
10564,148,339,1.0,0.0557006092254,True,16.953125,0.0557006092254
10581,149,186,1.0,0.0263209974273,True,36.992481203,0.0263209974273
10601,149,266,1.0,0.0216203914429,True,45.2526315789,0.0216203914429
10618,149,316,1.0,0.0442526625046,True,21.5975103734,0.0442526625046
10620,149,322,1.0,0.0408751696065,True,23.4647302905,0.0408751696065
10622,149,328,1.0,0.0379494007989,True,25.350877193,0.0379494007989
10625,149,334,1.0,0.0501684762261,True,18.9328358209,0.0501684762261
10642,150,168,1.0,0.00974710221286,True,101.594594595,0.00974710221286
10664,150,216,1.0,0.0100219995111,True,98.7804878049,0.0100219995111
10673,150,255,1.0,0.0345408593092,True,27.9512195122,0.0345408593092
10695,150,319,1.0,0.133453561767,True,6.49324324324,0.133453561767
10716,152,188,1.0,0.0324129651861,True,29.8518518519,0.0324129651861
10721,152,204,1.0,0.00548876110821,True,181.19047619,0.00548876110821
10722,152,207,1.0,0.00526131182041,True,189.066666667,0.00526131182041
10728,152,229,1.0,0.0422374429224,True,22.6756756757,0.0422374429224
10744,152,293,1.0,0.0360890708984,True,26.7092198582,0.0360890708984
10752,152,322,1.0,0.00651123713506,True,152.580645161,0.00651123713506
10757,152,338,1.0,0.0363172985027,True,26.5350877193,0.0363172985027
10759,152,347,1.0,0.0677356020942,True,13.7632850242,0.0677356020942
10772,153,179,1.0,0.0562229697261,True,16.7863247863,0.0562229697261
10793,153,221,1.0,0.0154981549815,True,63.5238095238,0.0154981549815
10795,153,228,1.0,0.0130784708249,True,75.4615384615,0.0130784708249
10849,154,157,1.0,0.0416536172878,True,23.007518797,0.0416536172878
10856,154,167,1.0,0.0389154704944,True,24.6967213115,0.0389154704944
10887,154,230,1.0,0.0268528464017,True,36.24,0.0268528464017
10900,154,265,1.0,0.0993690851735,True,9.06349206349,0.0993690851735
10949,155,206,1.0,0.126459143969,True,6.90769230769,0.126459143969
10959,155,237,1.0,0.0483531885074,True,19.6811594203,0.0483531885074
10965,155,270,1.0,0.0207267833109,True,47.2467532468,0.0207267833109
10980,155,343,1.0,0.0532343584305,True,17.7848605578,0.0532343584305
10983,155,349,1.0,0.0286615829608,True,33.8899082569,0.0286615829608
10999,156,214,1.0,0.0414452709883,True,23.1282051282,0.0414452709883
11006,156,235,1.0,0.027245508982,True,35.7032967033,0.027245508982
11016,156,279,1.0,0.0205924855491,True,47.5614035088,0.0205924855491
11025,156,337,1.0,0.0193637621024,True,50.6428571429,0.0193637621024
11030,156,349,1.0,0.0235478806907,True,41.4666666667,0.0235478806907
11031,156,352,1.0,0.021329142344,True,45.8842105263,0.021329142344
11084,157,362,1.0,0.018266779949,True,53.7441860465,0.018266779949
11094,158,187,1.0,0.0553935860058,True,17.0526315789,0.0553935860058
11104,158,245,1.0,0.0172558922559,True,56.9512195122,0.0172558922559
11116,158,283,1.0,0.0112464854733,True,87.9166666667,0.0112464854733
11121,158,304,1.0,0.0486787204451,True,19.5428571429,0.0486787204451
11134,158,350,1.0,0.0308139534884,True,31.4528301887,0.0308139534884
11183,159,260,1.0,0.0378323108384,True,25.4324324324,0.0378323108384
11233,160,167,1.0,0.00953181945613,True,103.911764706,0.00953181945613
11301,161,162,1.0,0.031798766018,True,30.447761194,0.031798766018
11314,161,223,1.0,0.0408462505237,True,23.4820512821,0.0408462505237
11328,161,279,1.0,0.0290620871863,True,33.4090909091,0.0290620871863
11336,161,337,1.0,0.0276946107784,True,35.1081081081,0.0276946107784
11346,161,369,1.0,0.045887662989,True,20.7923497268,0.045887662989
11364,162,223,1.0,0.0757160647572,True,12.2072368421,0.0757160647572
11366,162,226,1.0,0.118276460382,True,7.45476772616,0.118276460382
11385,162,337,1.0,0.0776763854885,True,11.8739255014,0.0776763854885
11419,163,239,1.0,0.026707530648,True,36.4426229508,0.026707530648
11440,163,299,1.0,0.0671834625323,True,13.8846153846,0.0671834625323
11459,164,170,1.0,0.100764419736,True,8.92413793103,0.100764419736
11460,164,177,1.0,0.0751523358158,True,12.3063063063,0.0751523358158
11464,164,210,1.0,0.0454545454545,True,21.0,0.0454545454545
11468,164,243,1.0,0.0284784377543,True,34.1142857143,0.0284784377543
11487,166,199,1.0,0.0539196940727,True,17.5460992908,0.0539196940727
11494,166,255,1.0,0.0572298325723,True,16.4734042553,0.0572298325723
11524,166,346,1.0,0.096830473975,True,9.32732732733,0.096830473975
11548,167,230,1.0,0.0456026058632,True,20.9285714286,0.0456026058632
11554,167,239,1.0,0.0140163098879,True,70.3454545455,0.0140163098879
11555,167,244,1.0,0.0173267326733,True,56.7142857143,0.0173267326733
11618,168,254,1.0,0.0371809100999,True,25.8955223881,0.0371809100999
11620,168,256,1.0,0.00712074303406,True,139.434782609,0.00712074303406
11657,168,347,1.0,0.00696184906711,True,142.64,0.00696184906711
11660,168,364,1.0,0.171551107934,True,4.82916666667,0.171551107934
11667,169,183,1.0,0.0171624713959,True,57.2666666667,0.0171624713959
11671,169,198,1.0,0.0237082066869,True,41.1794871795,0.0237082066869
11680,169,230,1.0,0.0345911949686,True,27.9090909091,0.0345911949686
11685,169,239,1.0,0.0314346490191,True,30.8120300752,0.0314346490191
11699,169,299,1.0,0.0310513447433,True,31.2047244094,0.0310513447433
11714,169,361,1.0,0.0189015691869,True,51.9056603774,0.0189015691869
11721,170,177,1.0,0.0551724137931,True,17.125,0.0551724137931
11725,170,210,1.0,0.0716510903427,True,12.9565217391,0.0716510903427
11730,170,241,1.0,0.048174048174,True,19.7580645161,0.048174048174
11731,170,243,1.0,0.0271739130435,True,35.8,0.0271739130435
11745,170,325,1.0,0.040350877193,True,23.7826086957,0.040350877193
11746,170,329,1.0,0.0291634689179,True,33.2894736842,0.0291634689179
11750,170,348,1.0,0.0336943441637,True,28.6785714286,0.0336943441637
11771,171,248,1.0,0.0608081600628,True,15.4451612903,0.0608081600628
11782,171,284,1.0,0.209796272215,True,3.76652892562,0.209796272215
11783,171,286,1.0,0.0294802172227,True,32.9210526316,0.0294802172227
11806,173,178,1.0,0.0657590547136,True,14.20703125,0.0657590547136
11814,173,204,1.0,0.115747356388,True,7.63950617284,0.115747356388
11819,173,215,1.0,0.0585175552666,True,16.0888888889,0.0585175552666
11863,174,250,1.0,0.0813823857302,True,11.2876712329,0.0813823857302
11867,174,336,1.0,0.0961325966851,True,9.40229885057,0.0961325966851
11881,175,222,1.0,0.0168421052632,True,58.375,0.0168421052632
11892,175,251,1.0,0.0230921486695,True,42.3047619048,0.0230921486695
11909,175,296,1.0,0.0151547954103,True,64.9857142857,0.0151547954103
11925,175,342,1.0,0.0890292935095,True,10.2322580645,0.0890292935095
11938,176,250,1.0,0.0501193317422,True,18.9523809524,0.0501193317422
11940,176,267,1.0,0.0354330708661,True,27.2222222222,0.0354330708661
11942,176,336,1.0,0.0674556213018,True,13.8245614035,0.0674556213018
11943,176,339,1.0,0.0701559020045,True,13.253968254,0.0701559020045
11949,177,210,1.0,0.0939086294416,True,9.64864864865,0.0939086294416
11953,177,241,1.0,0.0336134453782,True,28.75,0.0336134453782
11954,177,243,1.0,0.0298913043478,True,32.4545454545,0.0298913043478
11955,177,258,1.0,0.0343293070566,True,28.1296296296,0.0343293070566
11956,177,263,1.0,0.0424559111692,True,22.5538461538,0.0424559111692
11962,177,329,1.0,0.0330261136713,True,29.2790697674,0.0330261136713
11967,177,348,1.0,0.0557939914163,True,16.9230769231,0.0557939914163
11980,178,215,1.0,0.0680094166885,True,13.7038461538,0.0680094166885
11983,178,223,1.0,0.0243801652893,True,40.0169491525,0.0243801652893
11991,178,270,1.0,0.0560865191147,True,16.8295964126,0.0560865191147
12020,178,352,1.0,0.0859798605732,True,10.6306306306,0.0859798605732
12049,179,260,1.0,0.0368303571429,True,26.1515151515,0.0368303571429
12083,179,367,1.0,0.046484375,True,20.512605042,0.046484375
12095,180,216,1.0,0.0734569349918,True,12.6134185304,0.0734569349918
12105,180,246,1.0,0.0470993681792,True,20.2317073171,0.0470993681792
12109,180,271,1.0,0.0243697478992,True,40.0344827586,0.0243697478992
12110,180,273,1.0,0.051334180432,True,18.4801980198,0.051334180432
12120,180,309,1.0,0.0605929452499,True,15.5035714286,0.0605929452499
12127,180,330,1.0,0.0353842091365,True,27.2611940299,0.0353842091365
12185,182,327,1.0,0.0237659963437,True,41.0769230769,0.0237659963437
12212,183,234,1.0,0.0561579093689,True,16.8069306931,0.0561579093689
12224,183,274,1.0,0.0442313640582,True,21.6083916084,0.0442313640582
12233,183,303,1.0,0.0295553145336,True,32.8348623853,0.0295553145336
12251,184,220,1.0,0.0210608424337,True,46.4814814815,0.0210608424337
12256,184,260,1.0,0.028024606972,True,34.6829268293,0.028024606972
12259,184,317,1.0,0.139534883721,True,6.16666666667,0.139534883721
12265,185,189,1.0,0.0252442996743,True,38.6129032258,0.0252442996743
12272,185,202,1.0,0.0280078895464,True,34.7042253521,0.0280078895464
12287,185,256,1.0,0.0211688909342,True,46.2391304348,0.0211688909342
12295,185,282,1.0,0.0142535633908,True,69.1578947368,0.0142535633908
12345,186,266,1.0,0.0328137817884,True,29.475,0.0328137817884
12357,186,302,1.0,0.0217230313503,True,45.0340909091,0.0217230313503
12369,186,334,1.0,0.0350803043111,True,27.5060240964,0.0350803043111
12373,186,357,1.0,0.0174731182796,True,56.2307692308,0.0174731182796
12386,187,251,1.0,0.0222888984141,True,43.8653846154,0.0222888984141
12394,187,287,1.0,0.0218202698823,True,44.8289473684,0.0218202698823
12397,187,295,1.0,0.0420600858369,True,22.7755102041,0.0420600858369
12411,187,344,1.0,0.0318918918919,True,30.3559322034,0.0318918918919
12429,188,273,1.0,0.00975433526012,True,101.518518519,0.00975433526012
12440,188,333,1.0,0.0426164519326,True,22.4651162791,0.0426164519326
12446,188,364,1.0,0.00974858902001,True,101.578947368,0.00974858902001
12489,189,312,1.0,0.0253708040593,True,38.4153846154,0.0253708040593
12491,189,323,1.0,0.0348321722609,True,27.7090909091,0.0348321722609
12499,189,350,1.0,0.0237121831562,True,41.1724137931,0.0237121831562
12502,189,359,1.0,0.0495137046861,True,19.1964285714,0.0495137046861
12543,190,260,1.0,0.0192949907236,True,50.8269230769,0.0192949907236
12566,190,313,1.0,0.0214212852771,True,45.6825396825,0.0214212852771
12591,190,365,1.0,0.0819009100101,True,11.2098765432,0.0819009100101
12621,191,275,1.0,0.011361001623,True,87.0204081633,0.011361001623
12622,191,277,1.0,0.0207395812952,True,47.2169811321,0.0207395812952
12630,191,302,1.0,0.0636748120301,True,14.704797048,0.0636748120301
12635,191,316,1.0,0.067051333068,True,13.9139465875,0.067051333068
12637,191,322,1.0,0.0275764539509,True,35.2628205128,0.0275764539509
12640,191,328,1.0,0.0342897130861,True,28.1632653061,0.0342897130861
12644,191,334,1.0,0.0354554358472,True,27.2044198895,0.0354554358472
12649,191,357,1.0,0.022185361808,True,44.0747663551,0.022185361808
12683,192,294,1.0,0.154609929078,True,5.46788990826,0.154609929078
12687,192,308,1.0,0.0278293135436,True,34.9333333333,0.0278293135436
12711,193,247,1.0,0.0677466863034,True,13.7608695652,0.0677466863034
12718,193,293,1.0,0.0600446613183,True,15.6542699725,0.0600446613183
12727,193,338,1.0,0.0306320279178,True,31.6455696203,0.0306320279178
12735,194,216,1.0,0.0642458100559,True,14.5652173913,0.0642458100559
12742,194,255,1.0,0.0122729504173,True,80.48,0.0122729504173
12747,194,273,1.0,0.0358216432866,True,26.9160839161,0.0358216432866
12755,194,309,1.0,0.0590142671855,True,15.9450549451,0.0590142671855
12766,194,341,1.0,0.0674384949349,True,13.8283261803,0.0674384949349
12789,195,222,1.0,0.0203801236547,True,48.0674157303,0.0203801236547
12806,195,252,1.0,0.0344827586207,True,28.0,0.0344827586207
12835,195,306,1.0,0.0168009205984,True,58.5205479452,0.0168009205984
12884,196,297,1.0,0.140593047035,True,6.11272727273,0.140593047035
12894,196,343,1.0,0.138983050847,True,6.19512195122,0.138983050847
12900,197,202,1.0,0.0289288506646,True,33.5675675676,0.0289288506646
12916,197,254,1.0,0.00886917960089,True,111.75,0.00886917960089
12941,197,312,1.0,0.0431806213797,True,22.1585365854,0.0431806213797
12949,197,333,1.0,0.00972289742343,True,101.85,0.00972289742343
12954,197,350,1.0,0.0186403508772,True,52.6470588235,0.0186403508772
12978,198,239,1.0,0.0409047160731,True,23.4470588235,0.0409047160731
12986,198,274,1.0,0.0300484652666,True,32.2795698925,0.0300484652666
12996,198,303,1.0,0.0893450045276,True,10.1925675676,0.0893450045276
13036,199,298,1.0,0.0164859002169,True,59.6578947368,0.0164859002169
13047,199,335,1.0,0.0747217806041,True,12.3829787234,0.0747217806041
13048,199,345,1.0,0.0351363846509,True,27.4605263158,0.0351363846509
13063,200,253,1.0,0.0233804188992,True,41.7708333333,0.0233804188992
13080,200,310,1.0,0.0274074074074,True,35.4864864865,0.0274074074074
13091,201,209,1.0,0.0217998882057,True,44.8717948718,0.0217998882057
13092,201,211,1.0,0.0174007612833,True,56.46875,0.0174007612833
13104,201,248,1.0,0.0328096118299,True,29.4788732394,0.0328096118299
13116,201,300,1.0,0.0645450470641,True,14.4930555556,0.0645450470641
13129,201,335,1.0,0.0139534883721,True,70.6666666667,0.0139534883721
13147,202,256,1.0,0.0556343019135,True,16.974522293,0.0556343019135
13152,202,268,1.0,0.0548245614035,True,17.24,0.0548245614035
13165,202,307,1.0,0.0963467048711,True,9.37918215613,0.0963467048711
13166,202,312,1.0,0.0358641739794,True,26.8829787234,0.0358641739794
13168,202,323,1.0,0.0303960700031,True,31.898989899,0.0303960700031
13177,202,350,1.0,0.0220820189274,True,44.2857142857,0.0220820189274
13215,204,207,1.0,0.0422242045792,True,22.6830985915,0.0422242045792
13238,204,270,1.0,0.0283485045514,True,34.2752293578,0.0283485045514
13258,204,331,1.0,0.026145900581,True,37.2469135802,0.026145900581
13266,204,352,1.0,0.0526005888126,True,18.0111940299,0.0526005888126
13286,205,232,1.0,0.112372982666,True,7.89893617021,0.112372982666
13295,205,261,1.0,0.0343258891646,True,28.1325301205,0.0343258891646
13308,205,290,1.0,0.0193864507882,True,50.5824175824,0.0193864507882
13320,205,318,1.0,0.0243186582809,True,40.1206896552,0.0243186582809
13346,206,224,1.0,0.0363436123348,True,26.5151515152,0.0363436123348
13371,206,325,1.0,0.00817923186344,True,121.260869565,0.00817923186344
13383,206,353,1.0,0.0330976863753,True,29.213592233,0.0330976863753
13398,207,270,1.0,0.0241129865656,True,40.4714285714,0.0241129865656
13415,207,352,1.0,0.0490782858511,True,19.3756097561,0.0490782858511
13422,208,221,1.0,0.200321156162,True,3.99198396794,0.200321156162
13426,208,232,1.0,0.0810645457326,True,11.3358490566,0.0810645457326
13449,208,320,1.0,0.0212922173275,True,45.9655172414,0.0212922173275
13453,208,355,1.0,0.0270146520147,True,36.0169491525,0.0270146520147
13462,209,220,1.0,0.0355555555556,True,27.125,0.0355555555556
13485,209,300,1.0,0.0241297468354,True,40.4426229508,0.0241297468354
13508,210,243,1.0,0.0241404535479,True,40.4242424242,0.0241404535479
13512,210,263,1.0,0.035689293212,True,27.0196078431,0.035689293212
13521,210,329,1.0,0.0353833192923,True,27.2619047619,0.0353833192923
13542,211,270,1.0,0.0054347826087,True,183.0,0.0054347826087
13554,211,292,1.0,0.102253032929,True,8.77966101695,0.102253032929
13555,211,294,1.0,0.0269961977186,True,36.0422535211,0.0269961977186
13564,211,318,1.0,0.0221752903907,True,44.0952380952,0.0221752903907
13565,211,320,1.0,0.0165084605861,True,59.575,0.0165084605861
13580,211,355,1.0,0.0802919708029,True,11.4545454545,0.0802919708029
13584,211,367,1.0,0.0251524390244,True,38.7575757576,0.0251524390244
13593,213,244,1.0,0.0570135746606,True,16.5396825397,0.0570135746606
13628,214,235,1.0,0.0599197924039,True,15.688976378,0.0599197924039
13670,215,231,1.0,0.0172565077508,True,56.9491525424,0.0172565077508
13673,215,243,1.0,0.00874769797422,True,113.315789474,0.00874769797422
13679,215,270,1.0,0.0448798988622,True,21.2816901408,0.0448798988622
13698,215,331,1.0,0.0242816673412,True,40.1833333333,0.0242816673412
13714,216,231,1.0,0.0293459338473,True,33.0762711864,0.0293459338473
13718,216,246,1.0,0.0322580645161,True,30.0,0.0322580645161
13723,216,271,1.0,0.0295124037639,True,32.884057971,0.0295124037639
13737,216,309,1.0,0.0736631905924,True,12.5753012048,0.0736631905924
13772,217,278,1.0,0.0321715817694,True,30.0833333333,0.0321715817694
13780,217,297,1.0,0.020090548953,True,48.7746478873,0.020090548953
13798,217,366,1.0,0.0306198655713,True,31.6585365854,0.0306198655713
13806,220,248,1.0,0.0760295670539,True,12.1527777778,0.0760295670539
13838,221,272,1.0,0.133631952221,True,6.48324022346,0.133631952221
13845,221,294,1.0,0.0377479206654,True,25.4915254237,0.0377479206654
13882,222,253,1.0,0.053974484789,True,17.5272727273,0.053974484789
13893,222,282,1.0,0.017895351099,True,54.8804347826,0.017895351099
13905,222,306,1.0,0.0266403552047,True,36.537037037,0.0266403552047
13909,222,312,1.0,0.0149060272197,True,66.0869565217,0.0149060272197
13941,223,270,1.0,0.0200048792388,True,48.987804878,0.0200048792388
13942,223,279,1.0,0.037017167382,True,26.0144927536,0.037017167382
13961,223,337,1.0,0.0628404669261,True,14.9133126935,0.0628404669261
13969,223,369,1.0,0.0300920169112,True,32.2314049587,0.0300920169112
13970,224,225,1.0,0.134093711467,True,6.45747126437,0.134093711467
13978,224,237,1.0,0.025146484375,True,38.7669902913,0.025146484375
14008,224,348,1.0,0.00698757763975,True,142.111111111,0.00698757763975
14012,224,353,1.0,0.0390277302294,True,24.6228070175,0.0390277302294
14020,225,237,1.0,0.0297362110312,True,32.6290322581,0.0297362110312
14048,225,349,1.0,0.0538548752834,True,17.5684210526,0.0538548752834
14052,226,235,1.0,0.0382231404959,True,25.1621621622,0.0382231404959
14061,226,279,1.0,0.0984555984556,True,9.1568627451,0.0984555984556
14081,227,268,1.0,0.0313315926893,True,30.9166666667,0.0313315926893
14089,227,312,1.0,0.0384615384615,True,25.0,0.0384615384615
14106,228,238,1.0,0.0181644359465,True,54.0526315789,0.0181644359465
14124,228,294,1.0,0.0355371900826,True,27.1395348837,0.0355371900826
14131,228,318,1.0,0.0929064657878,True,9.76351351351,0.0929064657878
14152,229,271,1.0,0.0125302264234,True,78.8070175439,0.0125302264234
14155,229,293,1.0,0.026318952049,True,36.99543379,0.026318952049
14157,229,302,1.0,0.00868232890705,True,114.176470588,0.00868232890705
14159,229,327,1.0,0.00693822739481,True,143.129032258,0.00693822739481
14163,229,338,1.0,0.0644975525482,True,14.5044642857,0.0644975525482
14211,231,271,1.0,0.0981701285856,True,9.18639798489,0.0981701285856
14212,231,273,1.0,0.0203969128997,True,48.027027027,0.0203969128997
14232,231,330,1.0,0.0298375184638,True,32.5148514851,0.0298375184638
14238,231,341,1.0,0.0235849056604,True,41.4,0.0235849056604
14259,232,272,1.0,0.049223556988,True,19.3154761905,0.049223556988
14272,232,292,1.0,0.0457402234637,True,20.8625954198,0.0457402234637
14289,232,320,1.0,0.0271990740741,True,35.7659574468,0.0271990740741
14311,233,262,1.0,0.0898058252427,True,10.1351351351,0.0898058252427
14318,234,239,1.0,0.0345834269032,True,27.9155844156,0.0345834269032
14323,234,265,1.0,0.0157068062827,True,62.6666666667,0.0157068062827
14339,234,303,1.0,0.025303110174,True,38.5208333333,0.025303110174
14372,235,337,1.0,0.0454164922562,True,21.0184331797,0.0454164922562
14378,235,352,1.0,0.0152626362735,True,64.5194805195,0.0152626362735
14397,236,290,1.0,0.10710154985,True,8.33693304536,0.10710154985
14414,236,326,1.0,0.0195961995249,True,50.0303030303,0.0195961995249
14433,237,270,1.0,0.0157868771584,True,62.34375,0.0157868771584
14440,237,297,1.0,0.048021342819,True,19.8240740741,0.048021342819
14454,237,343,1.0,0.0506253722454,True,18.7529411765,0.0506253722454
14455,237,349,1.0,0.0254052746189,True,38.3619047619,0.0254052746189
14469,238,272,1.0,0.0644778481013,True,14.509202454,0.0644778481013
14492,238,320,1.0,0.0207214121259,True,47.2592592593,0.0207214121259
14504,238,360,1.0,0.137340619308,True,6.28116710875,0.137340619308
14516,239,265,1.0,0.0169204737733,True,58.1,0.0169204737733
14526,239,289,1.0,0.0606129917658,True,15.4981132075,0.0606129917658
14530,239,299,1.0,0.0296458416236,True,32.7315436242,0.0296458416236
14548,239,361,1.0,0.0195082843399,True,50.2602739726,0.0195082843399
14552,241,258,1.0,0.054579093432,True,17.3220338983,0.054579093432
14561,241,329,1.0,0.036231884058,True,26.6,0.036231884058
14562,241,348,1.0,0.0326086956522,True,29.6666666667,0.0326086956522
14565,243,263,1.0,0.0400654129191,True,23.9591836735,0.0400654129191
14570,243,325,1.0,0.0376955903272,True,25.5283018868,0.0376955903272
14571,243,329,1.0,0.0418367346939,True,22.9024390244,0.0418367346939
14576,243,348,1.0,0.0324963072378,True,29.7727272727,0.0324963072378
14600,244,306,1.0,0.00835421888053,True,118.7,0.00835421888053
14633,245,282,1.0,0.0202482037884,True,48.3870967742,0.0202482037884
14640,245,306,1.0,0.0220525869381,True,44.3461538462,0.0220525869381
14669,246,330,1.0,0.0375221238938,True,25.6509433962,0.0375221238938
14690,247,293,1.0,0.0643089725036,True,14.5499296765,0.0643089725036
14699,247,333,1.0,0.0168334127362,True,58.4056603774,0.0168334127362
14715,248,280,1.0,0.0273492286115,True,35.5641025641,0.0273492286115
14730,248,326,1.0,0.0437817258883,True,21.8405797101,0.0437817258883
14761,249,343,1.0,0.025404732254,True,38.362745098,0.025404732254
14762,249,349,1.0,0.0511324639671,True,18.5570469799,0.0511324639671
14764,249,353,1.0,0.0321100917431,True,30.1428571429,0.0321100917431
14768,250,267,1.0,0.066852367688,True,13.9583333333,0.066852367688
14772,250,336,1.0,0.050597976081,True,18.7636363636,0.050597976081
14773,250,339,1.0,0.129821260583,True,6.70289855072,0.129821260583
14793,251,295,1.0,0.0328854314003,True,29.4086021505,0.0328854314003
14810,251,344,1.0,0.0291345329906,True,33.3235294118,0.0291345329906
14825,252,287,1.0,0.119849246231,True,7.34381551363,0.119849246231
14872,254,257,1.0,0.0245614035088,True,39.7142857143,0.0245614035088
14887,254,305,1.0,0.0757439134355,True,12.2023809524,0.0757439134355
14893,254,319,1.0,0.0123932800881,True,79.6888888889,0.0123932800881
14894,254,320,1.0,0.010165184244,True,97.375,0.010165184244
14904,254,364,1.0,0.0392371766769,True,24.4860335196,0.0392371766769
14917,255,283,1.0,0.113024757804,True,7.84761904762,0.113024757804
14938,255,351,1.0,0.0917813934084,True,9.89545454545,0.0917813934084
14960,256,307,1.0,0.0482163857311,True,19.7398373984,0.0482163857311
14962,256,312,1.0,0.0548255550521,True,17.2396694215,0.0548255550521
14963,256,320,1.0,0.00936329588015,True,105.8,0.00936329588015
14964,256,323,1.0,0.0406589554855,True,23.5948275862,0.0406589554855
14995,257,301,1.0,0.00801871032409,True,123.708333333,0.00801871032409
15010,257,327,1.0,0.0421972534332,True,22.6982248521,0.0421972534332
15020,257,364,1.0,0.05330634278,True,17.7594936709,0.05330634278
15022,258,263,1.0,0.0581484315226,True,16.1973684211,0.0581484315226
15027,258,325,1.0,0.0925539318024,True,9.8045112782,0.0925539318024
15031,259,268,1.0,0.0189504373178,True,51.7692307692,0.0189504373178
15041,259,324,1.0,0.0504926108374,True,18.8048780488,0.0504926108374
15053,260,301,1.0,0.00816522574448,True,121.470588235,0.00816522574448
15057,260,313,1.0,0.0620022753129,True,15.128440367,0.0620022753129
15078,261,294,1.0,0.0350806451613,True,27.5057471264,0.0350806451613
15089,261,320,1.0,0.0453321364452,True,21.0594059406,0.0453321364452
15110,261,367,1.0,0.0918410935498,True,9.88837209302,0.0918410935498
15126,263,325,1.0,0.0426829268293,True,22.4285714286,0.0426829268293
15170,266,288,1.0,0.0239234449761,True,40.8,0.0239234449761
15176,266,302,1.0,0.0314653880731,True,30.780952381,0.0314653880731
15178,266,322,1.0,0.0316386646302,True,30.6068965517,0.0316386646302
15191,266,357,1.0,0.0264281900694,True,36.8383838384,0.0264281900694
15226,269,295,1.0,0.109801488834,True,8.10734463277,0.109801488834
15251,270,297,1.0,0.0177304964539,True,55.4,0.0177304964539
15293,271,330,1.0,0.0243722304284,True,40.0303030303,0.0243722304284
15299,271,345,1.0,0.00761283306145,True,130.357142857,0.00761283306145
15313,272,296,1.0,0.00623268698061,True,159.444444444,0.00623268698061
15339,272,367,1.0,0.0296495956873,True,32.7272727273,0.0296495956873
15353,273,309,1.0,0.03771805752,True,25.5125,0.03771805752
15362,273,330,1.0,0.0236314687407,True,41.3164556962,0.0236314687407
15365,273,341,1.0,0.0293548387097,True,33.0659340659,0.0293548387097
15381,274,299,1.0,0.0220253164557,True,44.4022988506,0.0220253164557
15382,274,303,1.0,0.0281731909846,True,34.4947368421,0.0281731909846
15400,275,276,1.0,0.0716992130574,True,12.9471544715,0.0716992130574
15443,276,319,1.0,0.0588072887907,True,16.0046948357,0.0588072887907
15451,276,345,1.0,0.0546448087432,True,17.3,0.0546448087432
15452,276,346,1.0,0.0678100263852,True,13.7470817121,0.0678100263852
15459,277,288,1.0,0.0518840007891,True,18.2737642586,0.0518840007891
15468,277,322,1.0,0.0270078180526,True,36.0263157895,0.0270078180526
15471,277,328,1.0,0.0498214285714,True,19.0716845878,0.0498214285714
15474,277,334,1.0,0.0265780730897,True,36.625,0.0265780730897
15478,277,357,1.0,0.0408076514346,True,23.5052083333,0.0408076514346
15484,278,289,1.0,0.0257466529351,True,37.84,0.0257466529351
15498,278,332,1.0,0.0227348712805,True,42.9852941176,0.0227348712805
15534,280,292,1.0,0.0125161847216,True,78.8965517241,0.0125161847216
15542,280,314,1.0,0.124496748219,True,7.03233830846,0.124496748219
15563,282,287,1.0,0.0485401459854,True,19.6015037594,0.0485401459854
15571,282,306,1.0,0.0309585235166,True,31.3012820513,0.0309585235166
15589,282,342,1.0,0.0310718882147,True,31.1834319527,0.0310718882147
15617,283,346,1.0,0.0904135941007,True,10.0602836879,0.0904135941007
15672,285,344,1.0,0.0231548480463,True,42.1875,0.0231548480463
15693,286,360,1.0,0.221342383107,True,3.51788756388,0.221342383107
15694,286,367,1.0,0.0698005698006,True,13.3265306122,0.0698005698006
15723,287,362,1.0,0.0234463276836,True,41.6506024096,0.0234463276836
15735,288,316,1.0,0.0361263476452,True,26.6806282723,0.0361263476452
15740,288,334,1.0,0.0256361564755,True,38.0074074074,0.0256361564755
15744,288,357,1.0,0.0636727809403,True,14.7052980132,0.0636727809403
15778,290,300,1.0,0.0930285714286,True,9.74938574939,0.0930285714286
15785,290,314,1.0,0.0942043825517,True,9.6152173913,0.0942043825517
15816,292,320,1.0,0.0176950998185,True,55.5128205128,0.0176950998185
15824,292,367,1.0,0.0291666666667,True,33.2857142857,0.0291666666667
15835,293,333,1.0,0.0191253176408,True,51.2867132867,0.0191253176408
15904,296,307,1.0,0.0192857142857,True,50.8518518519,0.0192857142857
15910,296,326,1.0,0.00876397703234,True,113.103448276,0.00876397703234
15913,296,340,1.0,0.0511255246089,True,18.5597014925,0.0511255246089
15918,296,362,1.0,0.0243098475484,True,40.1355932203,0.0243098475484
15931,297,343,1.0,0.105386416862,True,8.48888888889,0.105386416862
15950,298,351,1.0,0.0393343419062,True,24.4230769231,0.0393343419062
15990,300,365,1.0,0.0143061516452,True,68.9,0.0143061516452
16006,301,347,1.0,0.0868605079131,True,10.5127118644,0.0868605079131
16019,302,334,1.0,0.0463196514561,True,20.5891089109,0.0463196514561
16042,304,344,1.0,0.105337078652,True,8.49333333333,0.105337078652
16053,305,327,1.0,0.0819085487078,True,11.2087378641,0.0819085487078
16098,307,350,1.0,0.025100851636,True,38.8392857143,0.025100851636
16108,308,326,1.0,0.332654723127,True,2.00611995104,0.332654723127
16163,311,368,1.0,0.0195290063182,True,50.2058823529,0.0195290063182
16169,312,324,1.0,0.0210157618214,True,46.5833333333,0.0210157618214
16233,316,328,1.0,0.032208326195,True,30.0478723404,0.032208326195
16236,316,334,1.0,0.0270116035762,True,36.0211267606,0.0270116035762
16240,316,357,1.0,0.0258340113914,True,37.7086614173,0.0258340113914
16247,317,335,1.0,0.100877192982,True,8.91304347826,0.100877192982
16249,317,359,1.0,0.0922131147541,True,9.84444444444,0.0922131147541
16269,319,345,1.0,0.0308265582656,True,31.4395604396,0.0308265582656
16290,320,367,1.0,0.0324232081911,True,29.8421052632,0.0324232081911
16294,322,328,1.0,0.0468876313662,True,20.3275862069,0.0468876313662
16299,322,334,1.0,0.0248817241984,True,39.1901408451,0.0248817241984
16305,322,357,1.0,0.0397501419648,True,24.1571428571,0.0397501419648
16308,323,324,1.0,0.0665866826635,True,14.018018018,0.0665866826635
16326,324,340,1.0,0.0487562189055,True,19.5102040816,0.0487562189055
16333,324,359,1.0,0.0439215686275,True,21.7678571429,0.0439215686275
16340,325,329,1.0,0.0412287793048,True,23.2549019608,0.0412287793048
16344,325,348,1.0,0.0652591170825,True,14.3235294118,0.0652591170825
16372,328,334,1.0,0.039678377906,True,24.2026431718,0.039678377906
16382,329,348,1.0,0.0398305084746,True,24.1063829787,0.0398305084746
16414,333,347,1.0,0.0356744704571,True,27.03125,0.0356744704571
16415,333,357,1.0,0.00911228689006,True,108.741935484,0.00911228689006
16422,334,357,1.0,0.0207605344296,True,47.1683168317,0.0207605344296
16428,335,359,1.0,0.0618811881188,True,15.16,0.0618811881188
16439,337,369,1.0,0.0422252010724,True,22.6825396825,0.0422252010724
16442,338,347,1.0,0.0324594257179,True,29.8076923077,0.0324594257179
16475,343,349,1.0,0.0378521126761,True,25.4186046512,0.0378521126761
16485,344,362,1.0,0.0249350649351,True,39.1041666667,0.0249350649351
16497,347,357,1.0,0.00736975857687,True,134.689655172,0.00736975857687
16526,354,366,1.0,0.0833823817932,True,10.9929411765,0.0833823817932
16528,355,360,1.0,0.0160567587752,True,61.2790697674,0.0160567587752
16544,366,368,1.0,0.0675968246331,True,13.793594306,0.0675968246331
