source,target,proximity
10916,10917,12
10918,10917,60
10919,10917,1
10921,10917,13
10922,10917,3
10924,10917,40
10925,10917,7
10926,10917,44
10928,10917,7
10930,10917,144
10940,10917,82
10941,10917,37
10950,10917,244
10953,10917,1
10958,10917,4
10963,10917,1
10969,10917,1
10973,10917,5
10975,10917,1
10987,10917,14
10990,10917,34
10992,10917,69
10996,10917,1
10998,10917,6
12501,10917,1
12508,10917,22
12514,10917,1
12518,10917,31
12520,10917,18
12522,10917,1
12524,10917,11
12533,10917,10
12538,10917,1
12540,10917,1
12543,10917,8
12545,10917,1
12546,10917,1
12549,10917,16
12550,10917,192
12553,10917,146
12566,10917,4
12567,10917,2
12569,10917,2
12570,10917,2
12572,10917,2
12575,10917,4
12577,10917,14
12582,10917,2
12586,10917,23
12589,10917,11
12590,10917,19
12601,10917,9
12603,10917,13
12721,10917,8
12771,10917,5
10914,10918,3
10916,10918,34
10917,10918,9
10919,10918,10
10921,10918,69
10922,10918,2
10924,10918,177
10925,10918,23
10926,10918,23
10928,10918,11
10930,10918,32
10933,10918,5
10940,10918,516
10941,10918,158
10950,10918,329
10953,10918,2
10958,10918,31
10963,10918,28
10969,10918,19
10973,10918,25
10975,10918,1
10979,10918,2
10987,10918,13
10988,10918,4
10990,10918,224
10992,10918,89
10998,10918,19
12504,10918,1
12508,10918,15
12514,10918,1
12518,10918,27
12520,10918,10
12522,10918,2
12524,10918,8
12531,10918,3
12533,10918,18
12538,10918,6
12540,10918,1
12542,10918,7
12543,10918,23
12545,10918,2
12546,10918,1
12549,10918,57
12550,10918,218
12553,10918,110
12564,10918,3
12566,10918,28
12569,10918,1
12570,10918,2
12571,10918,3
12572,10918,2
12575,10918,7
12577,10918,10
12581,10918,1
12582,10918,4
12583,10918,1
12585,10918,1
12586,10918,59
12589,10918,39
12590,10918,17
12592,10918,1
12594,10918,2
12601,10918,23
12603,10918,24
12721,10918,33
12729,10918,21
12746,10918,10
12771,10918,89
12780,10918,15
12785,10918,4
10916,10926,5
10917,10926,5
10918,10926,20
10919,10926,2
10921,10926,5
10924,10926,9
10925,10926,2
10928,10926,1
10930,10926,14
10940,10926,52
10941,10926,13
10950,10926,120
10958,10926,3
10963,10926,2
10973,10926,4
10987,10926,2
10990,10926,11
10992,10926,11
10998,10926,1
12508,10926,1
12518,10926,9
12533,10926,3
12538,10926,1
12543,10926,5
12546,10926,2
12549,10926,10
12550,10926,34
12553,10926,17
12564,10926,1
12566,10926,4
12567,10926,1
12569,10926,1
12575,10926,3
12577,10926,3
12586,10926,6
12589,10926,2
12590,10926,2
12601,10926,5
12603,10926,6
12721,10926,10
12729,10926,2
12771,10926,9
12780,10926,1
10910,10940,2
10914,10940,4
10915,10940,4
10916,10940,133
10917,10940,24
10918,10940,248
10919,10940,47
10921,10940,112
10922,10940,5
10924,10940,392
10925,10940,29
10926,10940,35
10928,10940,32
10930,10940,84
10932,10940,2
10933,10940,26
10941,10940,882
10950,10940,416
10958,10940,182
10963,10940,228
10969,10940,23
10973,10940,139
10975,10940,2
10979,10940,1
10985,10940,1
10987,10940,19
10988,10940,31
10990,10940,279
10992,10940,114
10996,10940,7
10998,10940,108
12501,10940,3
12504,10940,2
12508,10940,49
12512,10940,1
12514,10940,3
12518,10940,46
12520,10940,20
12522,10940,6
12524,10940,37
12527,10940,1
12531,10940,7
12533,10940,43
12538,10940,18
12540,10940,10
12542,10940,17
12543,10940,83
12545,10940,5
12546,10940,3
12549,10940,299
12550,10940,556
12553,10940,262
12564,10940,7
12566,10940,199
12567,10940,5
12569,10940,12
12570,10940,11
12571,10940,14
12572,10940,13
12575,10940,15
12577,10940,24
12578,10940,2
12580,10940,3
12581,10940,1
12582,10940,15
12583,10940,3
12585,10940,1
12586,10940,227
12589,10940,118
12590,10940,66
12592,10940,2
12594,10940,8
12601,10940,87
12603,10940,101
12604,10940,1
12721,10940,276
12729,10940,43
12746,10940,27
12771,10940,517
12780,10940,76
12785,10940,28
10914,10941,2
10915,10941,3
10916,10941,70
10917,10941,11
10918,10941,105
10919,10941,44
10921,10941,28
10924,10941,177
10925,10941,11
10926,10941,24
10928,10941,9
10930,10941,34
10932,10941,2
10933,10941,14
10940,10941,1465
10950,10941,205
10958,10941,82
10963,10941,86
10969,10941,10
10973,10941,40
10975,10941,1
10979,10941,1
10985,10941,3
10987,10941,5
10988,10941,20
10990,10941,163
10992,10941,65
10996,10941,1
10998,10941,58
12501,10941,2
12504,10941,1
12508,10941,39
12514,10941,1
12518,10941,20
12520,10941,14
12522,10941,1
12524,10941,29
12531,10941,4
12533,10941,21
12538,10941,4
12540,10941,1
12542,10941,24
12543,10941,38
12545,10941,2
12546,10941,1
12549,10941,200
12550,10941,350
12553,10941,146
12564,10941,2
12566,10941,150
12567,10941,2
12569,10941,6
12570,10941,3
12571,10941,7
12572,10941,5
12575,10941,25
12577,10941,10
12578,10941,1
12580,10941,1
12581,10941,2
12582,10941,12
12583,10941,1
12586,10941,182
12589,10941,126
12590,10941,73
12592,10941,4
12594,10941,4
12601,10941,69
12603,10941,39
12721,10941,187
12729,10941,21
12746,10941,17
12771,10941,241
12780,10941,27
12785,10941,13
10916,10987,3
10917,10987,3
10918,10987,8
10919,10987,1
10921,10987,3
10922,10987,1
10924,10987,7
10925,10987,17
10926,10987,6
10928,10987,3
10930,10987,16
10940,10987,9
10941,10987,2
10950,10987,54
10958,10987,1
10973,10987,1
10975,10987,5
10990,10987,44
10992,10987,7
12518,10987,3
12522,10987,1
12524,10987,2
12531,10987,1
12533,10987,2
12538,10987,2
12540,10987,1
12549,10987,1
12550,10987,8
12553,10987,2
12566,10987,1
12569,10987,2
12572,10987,1
12577,10987,2
12589,10987,1
12590,10987,3
12592,10987,1
12601,10987,5
12603,10987,3
12721,10987,1
10918,12522,1
10924,12522,1
10930,12522,1
10940,12522,1
10941,12522,1
10987,12522,1
10988,12522,1
10996,12522,1
12501,12522,12
12508,12522,2
12514,12522,5
12518,12522,1
12533,12522,12
12538,12522,1
12540,12522,6
12545,12522,12
12546,12522,6
12549,12522,2
12550,12522,2
12553,12522,3
12564,12522,18
12566,12522,1
12567,12522,5
12569,12522,9
12570,12522,6
12571,12522,8
12572,12522,3
12575,12522,1
12578,12522,3
12580,12522,4
12581,12522,3
12582,12522,3
12585,12522,1
12589,12522,2
12590,12522,1
12592,12522,11
12594,12522,47
12601,12522,10
12603,12522,10
12771,12522,1
10916,12533,2
10917,12533,1
10918,12533,8
10921,12533,2
10924,12533,4
10925,12533,4
10926,12533,1
10928,12533,3
10930,12533,8
10940,12533,25
10941,12533,18
10950,12533,16
10958,12533,3
10973,12533,1
10987,12533,1
10990,12533,8
10992,12533,8
10998,12533,2
12501,12533,3
12508,12533,130
12512,12533,1
12514,12533,16
12518,12533,7
12520,12533,4
12522,12533,33
12524,12533,252
12531,12533,23
12538,12533,85
12540,12533,132
12542,12533,38
12543,12533,8
12545,12533,37
12546,12533,4
12549,12533,17
12550,12533,170
12553,12533,56
12564,12533,39
12566,12533,15
12567,12533,11
12569,12533,115
12570,12533,133
12571,12533,29
12572,12533,26
12574,12533,1
12575,12533,1
12578,12533,27
12580,12533,33
12581,12533,9
12582,12533,75
12583,12533,3
12585,12533,12
12586,12533,31
12589,12533,58
12590,12533,580
12592,12533,10
12594,12533,16
12601,12533,239
12603,12533,470
12604,12533,2
12721,12533,7
12729,12533,2
12746,12533,1
12771,12533,7
10914,12550,4
10915,12550,1
10916,12550,73
10917,12550,19
10918,12550,153
10919,12550,10
10921,12550,28
10922,12550,5
10924,12550,135
10925,12550,21
10926,12550,26
10928,12550,32
10930,12550,105
10932,12550,1
10933,12550,3
10940,12550,599
10941,12550,195
10950,12550,279
10953,12550,7
10958,12550,41
10963,12550,39
10969,12550,10
10973,12550,26
10975,12550,1
10979,12550,1
10987,12550,9
10988,12550,6
10990,12550,122
10992,12550,194
10996,12550,10
10998,12550,27
12501,12550,4
12507,12550,1
12508,12550,377
12514,12550,16
12518,12550,189
12520,12550,105
12522,12550,13
12524,12550,205
12527,12550,3
12531,12550,15
12533,12550,196
12538,12550,101
12540,12550,45
12542,12550,245
12543,12550,110
12545,12550,18
12546,12550,4
12549,12550,295
12553,12550,1273
12564,12550,30
12566,12550,180
12567,12550,7
12569,12550,61
12570,12550,60
12571,12550,32
12572,12550,51
12574,12550,1
12575,12550,90
12577,12550,80
12578,12550,19
12580,12550,33
12581,12550,6
12582,12550,28
12583,12550,4
12585,12550,3
12586,12550,502
12589,12550,704
12590,12550,430
12592,12550,2
12594,12550,18
12601,12550,345
12603,12550,352
12604,12550,2
12721,12550,105
12729,12550,10
12746,12550,9
12771,12550,103
12780,12550,15
12785,12550,6
10914,12553,3
10915,12553,1
10916,12553,25
10917,12553,12
10918,12553,71
10919,12553,4
10921,12553,16
10922,12553,11
10924,12553,59
10925,12553,11
10926,12553,13
10928,12553,49
10930,12553,71
10932,12553,1
10933,12553,1
10940,12553,183
10941,12553,67
10950,12553,161
10953,12553,5
10958,12553,18
10963,12553,13
10969,12553,2
10973,12553,13
10975,12553,1
10979,12553,1
10985,12553,1
10987,12553,7
10988,12553,2
10990,12553,43
10992,12553,106
10996,12553,10
10998,12553,9
12504,12553,1
12508,12553,100
12512,12553,1
12514,12553,7
12518,12553,176
12520,12553,90
12522,12553,5
12524,12553,59
12531,12553,7
12533,12553,59
12538,12553,34
12540,12553,10
12542,12553,83
12543,12553,43
12545,12553,3
12546,12553,2
12549,12553,116
12550,12553,1415
12564,12553,8
12566,12553,70
12567,12553,5
12569,12553,28
12570,12553,15
12571,12553,15
12572,12553,16
12575,12553,57
12577,12553,35
12578,12553,7
12580,12553,9
12581,12553,3
12582,12553,6
12583,12553,2
12586,12553,155
12589,12553,231
12590,12553,149
12594,12553,7
12601,12553,117
12603,12553,106
12721,12553,33
12729,12553,9
12746,12553,2
12771,12553,39
12780,12553,2
12785,12553,2
10915,12601,1
10916,12601,9
10917,12601,4
10918,12601,29
10919,12601,5
10921,12601,8
10922,12601,4
10924,12601,28
10925,12601,4
10926,12601,5
10928,12601,4
10930,12601,14
10933,12601,1
10940,12601,126
10941,12601,31
10950,12601,83
10953,12601,2
10958,12601,10
10963,12601,7
10969,12601,1
10973,12601,7
10975,12601,2
10987,12601,5
10988,12601,1
10990,12601,28
10992,12601,28
10996,12601,9
10998,12601,1
12501,12601,26
12504,12601,15
12507,12601,3
12508,12601,389
12512,12601,6
12514,12601,85
12518,12601,51
12520,12601,27
12522,12601,61
12524,12601,373
12527,12601,3
12531,12601,34
12533,12601,707
12538,12601,1065
12540,12601,329
12542,12601,216
12543,12601,21
12545,12601,116
12546,12601,23
12549,12601,59
12550,12601,564
12553,12601,205
12564,12601,66
12566,12601,58
12567,12601,35
12569,12601,624
12570,12601,196
12571,12601,201
12572,12601,256
12574,12601,7
12575,12601,14
12577,12601,14
12578,12601,125
12580,12601,278
12581,12601,44
12582,12601,65
12583,12601,50
12585,12601,34
12586,12601,124
12589,12601,263
12590,12601,1316
12592,12601,13
12594,12601,47
12603,12601,2981
12604,12601,21
12721,12601,18
12729,12601,2
12746,12601,3
12771,12601,25
12780,12601,5
12785,12601,4
10914,12603,1
10916,12603,2
10917,12603,1
10918,12603,5
10919,12603,1
10921,12603,1
10924,12603,17
10928,12603,6
10930,12603,12
10940,12603,52
10941,12603,13
10950,12603,21
10958,12603,3
10963,12603,2
10973,12603,3
10987,12603,3
10988,12603,1
10990,12603,15
10992,12603,5
10996,12603,1
10998,12603,3
12501,12603,15
12504,12603,5
12508,12603,160
12514,12603,42
12518,12603,13
12520,12603,12
12522,12603,36
12524,12603,170
12527,12603,1
12531,12603,25
12533,12603,320
12538,12603,431
12540,12603,187
12542,12603,59
12543,12603,15
12545,12603,68
12546,12603,9
12549,12603,30
12550,12603,225
12553,12603,79
12564,12603,39
12566,12603,21
12567,12603,17
12569,12603,374
12570,12603,106
12571,12603,79
12572,12603,104
12575,12603,15
12577,12603,4
12578,12603,61
12580,12603,107
12581,12603,34
12582,12603,40
12583,12603,19
12585,12603,23
12586,12603,60
12589,12603,99
12590,12603,642
12592,12603,11
12594,12603,26
12601,12603,1294
12604,12603,21
12721,12603,8
12729,12603,1
12746,12603,1
12771,12603,13
12780,12603,1
12785,12603,2
10914,10924,7
10916,10924,64
10917,10924,2
10918,10924,126
10919,10924,10
10921,10924,72
10922,10924,6
10925,10924,21
10926,10924,24
10928,10924,5
10930,10924,39
10932,10924,1
10933,10924,7
10940,10924,554
10941,10924,157
10950,10924,155
10958,10924,64
10963,10924,38
10969,10924,28
10973,10924,45
10979,10924,1
10987,10924,9
10988,10924,11
10990,10924,204
10992,10924,66
10996,10924,1
10998,10924,45
12508,10924,7
12514,10924,1
12518,10924,17
12520,10924,17
12522,10924,2
12524,10924,8
12533,10924,13
12538,10924,5
12542,10924,16
12543,10924,31
12545,10924,1
12546,10924,1
12549,10924,81
12550,10924,148
12553,10924,113
12564,10924,1
12566,10924,49
12567,10924,2
12569,10924,3
12570,10924,4
12571,10924,8
12572,10924,5
12575,10924,11
12577,10924,9
12578,10924,1
12580,10924,2
12582,10924,2
12586,10924,63
12589,10924,26
12590,10924,9
12601,10924,13
12603,10924,12
12721,10924,64
12729,10924,10
12746,10924,10
12771,10924,115
12780,10924,14
12785,10924,6
10914,10950,12
10915,10950,1
10916,10950,46
10917,10950,31
10918,10950,226
10919,10950,7
10921,10950,40
10922,10950,3
10924,10950,104
10925,10950,48
10926,10950,110
10928,10950,12
10930,10950,225
10933,10950,1
10940,10950,294
10941,10950,89
10953,10950,1
10958,10950,24
10963,10950,7
10969,10950,5
10973,10950,14
10975,10950,3
10979,10950,6
10987,10950,28
10988,10950,4
10990,10950,160
10992,10950,131
10998,10950,13
12508,10950,13
12514,10950,1
12518,10950,23
12520,10950,15
12522,10950,1
12524,10950,13
12533,10950,6
12538,10950,7
12540,10950,1
12542,10950,5
12543,10950,17
12545,10950,5
12546,10950,1
12549,10950,63
12550,10950,244
12553,10950,169
12564,10950,2
12566,10950,32
12569,10950,1
12570,10950,2
12572,10950,4
12575,10950,15
12577,10950,23
12578,10950,1
12580,10950,2
12581,10950,3
12582,10950,5
12585,10950,1
12586,10950,58
12589,10950,20
12590,10950,21
12594,10950,2
12601,10950,34
12603,10950,35
12604,10950,1
12721,10950,46
12729,10950,6
12746,10950,2
12771,10950,49
12780,10950,5
12785,10950,2
10914,10990,4
10915,10990,1
10916,10990,18
10917,10990,5
10918,10990,81
10919,10990,4
10921,10990,164
10922,10990,5
10924,10990,85
10925,10990,40
10926,10990,11
10928,10990,5
10930,10990,11
10933,10990,6
10940,10990,204
10941,10990,57
10950,10990,126
10958,10990,20
10963,10990,23
10969,10990,49
10973,10990,20
10979,10990,3
10987,10990,3
10988,10990,9
10992,10990,38
10996,10990,3
10998,10990,42
12501,10990,1
12508,10990,4
12514,10990,1
12518,10990,7
12520,10990,4
12524,10990,2
12531,10990,2
12533,10990,3
12540,10990,2
12542,10990,2
12543,10990,14
12545,10990,1
12549,10990,14
12550,10990,51
12553,10990,30
12564,10990,2
12566,10990,11
12569,10990,2
12570,10990,2
12571,10990,2
12572,10990,2
12575,10990,5
12577,10990,2
12581,10990,1
12582,10990,1
12583,10990,1
12586,10990,24
12589,10990,5
12590,10990,8
12592,10990,1
12594,10990,1
12601,10990,9
12603,10990,7
12604,10990,1
12721,10990,25
12729,10990,10
12746,10990,6
12771,10990,53
12780,10990,2
12785,10990,1
10924,12501,2
10940,12501,2
10941,12501,1
10987,12501,1
12508,12501,4
12514,12501,13
12518,12501,1
12522,12501,53
12531,12501,1
12533,12501,13
12538,12501,2
12540,12501,7
12542,12501,4
12545,12501,20
12546,12501,42
12550,12501,1
12564,12501,10
12566,12501,1
12567,12501,17
12569,12501,6
12570,12501,5
12571,12501,10
12572,12501,5
12578,12501,1
12580,12501,3
12581,12501,11
12582,12501,1
12583,12501,1
12589,12501,1
12590,12501,8
12592,12501,36
12594,12501,19
12601,12501,10
12603,12501,16
12729,12501,1
12746,12501,1
12771,12501,3
10940,12504,1
12507,12504,3
12508,12504,2
12514,12504,8
12518,12504,1
12520,12504,1
12522,12504,1
12524,12504,4
12533,12504,8
12538,12504,20
12540,12504,3
12542,12504,3
12545,12504,6
12546,12504,1
12550,12504,2
12564,12504,1
12567,12504,3
12569,12504,3
12571,12504,208
12572,12504,80
12574,12504,5
12578,12504,5
12580,12504,14
12581,12504,4
12583,12504,85
12585,12504,1
12589,12504,2
12590,12504,1
12601,12504,5
12603,12504,3
10914,12518,1
10916,12518,8
10917,12518,2
10918,12518,11
10919,12518,2
10921,12518,1
10922,12518,1
10924,12518,8
10925,12518,1
10926,12518,2
10928,12518,4
10930,12518,16
10940,12518,24
10941,12518,10
10950,12518,69
10953,12518,3
10958,12518,3
10963,12518,4
10987,12518,1
10990,12518,10
10992,12518,24
12508,12518,11
12514,12518,1
12520,12518,52
12522,12518,2
12524,12518,12
12531,12518,1
12533,12518,7
12538,12518,1
12540,12518,2
12542,12518,3
12543,12518,4
12545,12518,1
12549,12518,18
12550,12518,156
12553,12518,148
12566,12518,7
12569,12518,1
12570,12518,1
12571,12518,3
12572,12518,4
12575,12518,6
12577,12518,20
12580,12518,2
12586,12518,20
12589,12518,20
12590,12518,21
12601,12518,5
12603,12518,9
12721,12518,4
12729,12518,1
12771,12518,2
10916,12524,6
10917,12524,1
10918,12524,12
10919,12524,1
10921,12524,3
10922,12524,1
10924,12524,13
10926,12524,2
10928,12524,3
10930,12524,20
10940,12524,71
10941,12524,25
10950,12524,37
10953,12524,2
10958,12524,3
10963,12524,3
10969,12524,3
10973,12524,2
10987,12524,2
10988,12524,1
10990,12524,23
10992,12524,23
10996,12524,3
10998,12524,2
12504,12524,2
12508,12524,406
12512,12524,3
12514,12524,16
12518,12524,18
12520,12524,13
12522,12524,11
12527,12524,5
12531,12524,20
12533,12524,460
12538,12524,74
12540,12524,61
12542,12524,32
12543,12524,13
12545,12524,9
12546,12524,2
12549,12524,41
12550,12524,361
12553,12524,136
12564,12524,19
12566,12524,13
12567,12524,5
12569,12524,101
12570,12524,65
12571,12524,12
12572,12524,20
12574,12524,2
12575,12524,10
12577,12524,6
12578,12524,14
12580,12524,12
12581,12524,7
12582,12524,39
12583,12524,3
12585,12524,8
12586,12524,41
12589,12524,70
12590,12524,732
12594,12524,10
12601,12524,332
12603,12524,349
12604,12524,3
12721,12524,12
12729,12524,2
12771,12524,14
12780,12524,1
10916,12540,1
10918,12540,3
10921,12540,2
10924,12540,1
10925,12540,1
10926,12540,4
10928,12540,2
10930,12540,1
10940,12540,13
10941,12540,8
10950,12540,8
10958,12540,1
10963,12540,1
10969,12540,1
10987,12540,1
10990,12540,4
10992,12540,2
10996,12540,1
12501,12540,8
12504,12540,2
12507,12540,2
12508,12540,51
12512,12540,2
12514,12540,9
12518,12540,8
12520,12540,3
12522,12540,13
12524,12540,57
12527,12540,1
12531,12540,11
12533,12540,155
12538,12540,77
12542,12540,13
12543,12540,7
12545,12540,22
12546,12540,7
12549,12540,7
12550,12540,50
12553,12540,18
12564,12540,9
12566,12540,2
12567,12540,9
12569,12540,81
12570,12540,75
12571,12540,27
12572,12540,50
12574,12540,2
12577,12540,1
12578,12540,18
12580,12540,14
12581,12540,10
12582,12540,16
12583,12540,5
12585,12540,13
12586,12540,15
12589,12540,23
12590,12540,139
12592,12540,6
12594,12540,10
12601,12540,145
12603,12540,238
12604,12540,2
12721,12540,2
12771,12540,5
12780,12540,2
10916,12545,1
10919,12545,1
10922,12545,1
10924,12545,1
10940,12545,3
10950,12545,2
10958,12545,1
10987,12545,1
10988,12545,1
10998,12545,2
12501,12545,38
12507,12545,1
12508,12545,11
12514,12545,45
12518,12545,1
12522,12545,63
12524,12545,9
12533,12545,34
12538,12545,35
12540,12545,60
12542,12545,2
12546,12545,23
12549,12545,2
12553,12545,2
12564,12545,9
12566,12545,2
12567,12545,18
12569,12545,75
12570,12545,24
12571,12545,18
12572,12545,20
12574,12545,1
12578,12545,32
12580,12545,25
12581,12545,37
12582,12545,5
12583,12545,4
12585,12545,12
12589,12545,6
12590,12545,28
12592,12545,26
12594,12545,14
12601,12545,99
12603,12545,114
12604,12545,1
12771,12545,1
12785,12545,1
10914,12549,6
10915,12549,3
10916,12549,43
10918,12549,27
10919,12549,9
10921,12549,21
10922,12549,1
10924,12549,38
10925,12549,2
10926,12549,4
10928,12549,4
10930,12549,13
10933,12549,1
10940,12549,249
10941,12549,109
10950,12549,76
10953,12549,2
10958,12549,11
10963,12549,8
10969,12549,5
10973,12549,5
10985,12549,1
10988,12549,5
10990,12549,34
10992,12549,58
10996,12549,3
10998,12549,7
12501,12549,1
12504,12549,1
12508,12549,33
12514,12549,1
12518,12549,20
12520,12549,11
12522,12549,4
12524,12549,21
12531,12549,4
12533,12549,25
12538,12549,21
12540,12549,8
12542,12549,32
12543,12549,117
12545,12549,2
12546,12549,1
12550,12549,399
12553,12549,140
12564,12549,7
12566,12549,134
12567,12549,1
12569,12549,7
12570,12549,3
12571,12549,6
12572,12549,4
12574,12549,1
12575,12549,14
12577,12549,3
12578,12549,2
12580,12549,7
12582,12549,1
12583,12549,1
12586,12549,313
12589,12549,153
12590,12549,62
12601,12549,34
12603,12549,32
12721,12549,64
12729,12549,5
12746,12549,2
12771,12549,42
12780,12549,3
12785,12549,3
10918,12564,2
10921,12564,1
10924,12564,3
10926,12564,1
10928,12564,1
10930,12564,2
10940,12564,1
10941,12564,2
10950,12564,6
10987,12564,1
10990,12564,3
10992,12564,1
10998,12564,2
12501,12564,9
12504,12564,1
12508,12564,11
12514,12564,2
12518,12564,1
12520,12564,1
12522,12564,55
12524,12564,9
12531,12564,55
12533,12564,50
12538,12564,9
12540,12564,19
12542,12564,2
12543,12564,1
12545,12564,8
12546,12564,8
12549,12564,1
12550,12564,9
12553,12564,8
12566,12564,1
12567,12564,3
12569,12564,23
12570,12564,38
12571,12564,6
12572,12564,5
12575,12564,1
12577,12564,2
12580,12564,4
12581,12564,1
12582,12564,5
12586,12564,1
12589,12564,3
12590,12564,29
12592,12564,5
12594,12564,87
12601,12564,39
12603,12564,43
12721,12564,1
12780,12564,1
10915,12566,3
10916,12566,9
10918,12566,3
10919,12566,4
10924,12566,5
10925,12566,1
10930,12566,1
10940,12566,47
10941,12566,38
10950,12566,3
10958,12566,4
10963,12566,1
10985,12566,2
10990,12566,5
10992,12566,5
12501,12566,1
12507,12566,1
12508,12566,1
12514,12566,2
12518,12566,1
12522,12566,4
12524,12566,2
12527,12566,1
12531,12566,1
12533,12566,5
12538,12566,3
12540,12566,2
12542,12566,3
12543,12566,4
12545,12566,2
12549,12566,64
12550,12566,40
12553,12566,11
12564,12566,1
12567,12566,1
12571,12566,2
12572,12566,1
12577,12566,1
12578,12566,2
12580,12566,1
12581,12566,2
12585,12566,1
12586,12566,59
12589,12566,112
12590,12566,7
12594,12566,2
12601,12566,7
12603,12566,6
12721,12566,57
12729,12566,3
12746,12566,1
12771,12566,4
12780,12566,6
12785,12566,1
10940,12581,1
10963,12581,1
12501,12581,2
12508,12581,1
12514,12581,29
12518,12581,1
12520,12581,1
12522,12581,3
12524,12581,1
12533,12581,4
12538,12581,7
12540,12581,8
12545,12581,32
12546,12581,1
12549,12581,1
12550,12581,2
12564,12581,1
12566,12581,1
12567,12581,14
12569,12581,12
12570,12581,6
12571,12581,22
12572,12581,12
12578,12581,2
12580,12581,4
12582,12581,1
12583,12581,2
12589,12581,1
12590,12581,8
12592,12581,2
12594,12581,1
12601,12581,19
12603,12581,17
10914,12590,2
10916,12590,9
10917,12590,1
10918,12590,18
10921,12590,4
10922,12590,6
10924,12590,14
10926,12590,5
10928,12590,14
10930,12590,8
10933,12590,1
10940,12590,55
10941,12590,19
10950,12590,35
10958,12590,6
10963,12590,6
10969,12590,1
10973,12590,1
10979,12590,1
10987,12590,5
10988,12590,1
10990,12590,13
10992,12590,27
10996,12590,5
10998,12590,3
12501,12590,11
12504,12590,2
12507,12590,1
12508,12590,232
12512,12590,5
12514,12590,15
12518,12590,25
12520,12590,10
12522,12590,13
12524,12590,271
12527,12590,2
12531,12590,14
12533,12590,440
12538,12590,196
12540,12590,82
12542,12590,47
12543,12590,9
12545,12590,22
12546,12590,4
12549,12590,36
12550,12590,269
12553,12590,113
12564,12590,24
12566,12590,26
12567,12590,10
12569,12590,112
12570,12590,84
12571,12590,31
12572,12590,40
12574,12590,1
12575,12590,7
12577,12590,6
12578,12590,22
12580,12590,45
12581,12590,5
12582,12590,39
12583,12590,8
12585,12590,9
12586,12590,56
12589,12590,69
12592,12590,7
12594,12590,23
12601,12590,549
12603,12590,702
12604,12590,5
12721,12590,13
12729,12590,7
12771,12590,22
12780,12590,3
12785,12590,1
10916,12771,3
10918,12771,8
10919,12771,1
10921,12771,5
10924,12771,20
10925,12771,3
10930,12771,5
10933,12771,2
10940,12771,135
10941,12771,24
10950,12771,16
10958,12771,10
10963,12771,20
10969,12771,1
10973,12771,8
10987,12771,3
10988,12771,5
10990,12771,30
10992,12771,1
10998,12771,19
12508,12771,2
12518,12771,3
12520,12771,2
12524,12771,2
12531,12771,1
12533,12771,2
12538,12771,1
12543,12771,1
12549,12771,4
12550,12771,17
12553,12771,8
12564,12771,1
12566,12771,9
12569,12771,1
12575,12771,1
12586,12771,6
12589,12771,4
12590,12771,3
12601,12771,5
12603,12771,2
12721,12771,15
12729,12771,58
12746,12771,45
12780,12771,83
12785,12771,20
10914,10928,1
10916,10928,1
10922,10928,29
10926,10928,1
10940,10928,2
10941,10928,1
10950,10928,7
10990,10928,2
10992,10928,4
10996,10928,10
12508,10928,4
12518,10928,7
12520,10928,6
12522,10928,1
12524,10928,3
12533,10928,2
12538,10928,2
12549,10928,1
12550,10928,12
12553,10928,12
12564,10928,1
12566,10928,2
12569,10928,1
12575,10928,3
12586,10928,1
12589,10928,2
12590,10928,4
12594,10928,1
12603,10928,2
12729,10928,1
12771,10928,1
10916,10930,2
10917,10930,18
10918,10930,8
10921,10930,3
10922,10930,2
10924,10930,4
10925,10930,6
10926,10930,11
10928,10930,4
10940,10930,16
10941,10930,3
10950,10930,69
10958,10930,1
10969,10930,1
10973,10930,1
10987,10930,1
10990,10930,13
10992,10930,12
12501,10930,1
12508,10930,2
12518,10930,5
12520,10930,10
12524,10930,1
12533,10930,1
12538,10930,1
12542,10930,2
12543,10930,5
12549,10930,6
12550,10930,22
12553,10930,21
12566,10930,1
12571,10930,1
12575,10930,4
12577,10930,5
12582,10930,2
12586,10930,5
12589,10930,5
12590,10930,1
12594,10930,1
12601,10930,2
12721,10930,2
12771,10930,1
10916,12508,6
10917,12508,4
10918,12508,3
10921,12508,1
10924,12508,9
10926,12508,2
10930,12508,4
10940,12508,27
10941,12508,11
10950,12508,15
10958,12508,2
10963,12508,5
10969,12508,1
10973,12508,6
10990,12508,11
10992,12508,10
10996,12508,2
12501,12508,2
12512,12508,2
12514,12508,3
12518,12508,8
12520,12508,1
12522,12508,9
12524,12508,111
12527,12508,1
12531,12508,5
12533,12508,73
12538,12508,30
12540,12508,10
12542,12508,16
12543,12508,5
12545,12508,8
12546,12508,2
12549,12508,20
12550,12508,242
12553,12508,57
12564,12508,9
12566,12508,16
12569,12508,21
12570,12508,14
12571,12508,5
12572,12508,15
12575,12508,3
12577,12508,2
12578,12508,3
12580,12508,6
12581,12508,1
12582,12508,9
12583,12508,1
12586,12508,21
12589,12508,41
12590,12508,221
12594,12508,4
12601,12508,100
12603,12508,93
12604,12508,1
12721,12508,5
12771,12508,4
10916,12542,1
10917,12542,1
10918,12542,2
10924,12542,4
10930,12542,6
10940,12542,9
10941,12542,1
10950,12542,5
10963,12542,1
10990,12542,2
10992,12542,8
12508,12542,7
12518,12542,4
12520,12542,1
12524,12542,14
12527,12542,1
12531,12542,3
12533,12542,12
12538,12542,9
12540,12542,1
12543,12542,3
12545,12542,2
12549,12542,6
12550,12542,76
12553,12542,18
12564,12542,3
12566,12542,4
12567,12542,3
12569,12542,16
12571,12542,4
12575,12542,2
12578,12542,1
12580,12542,3
12581,12542,1
12582,12542,1
12586,12542,10
12589,12542,36
12590,12542,17
12592,12542,1
12594,12542,1
12601,12542,33
12603,12542,24
12604,12542,1
12771,12542,1
12785,12542,2
10996,12567,1
12501,12567,12
12508,12567,3
12514,12567,11
12522,12567,2
12524,12567,1
12533,12567,2
12538,12567,4
12540,12567,2
12545,12567,7
12546,12567,12
12549,12567,1
12550,12567,1
12564,12567,4
12566,12567,1
12569,12567,1
12570,12567,1
12571,12567,37
12572,12567,12
12578,12567,2
12580,12567,2
12581,12567,18
12583,12567,3
12586,12567,1
12590,12567,4
12592,12567,2
12594,12567,2
12601,12567,9
12603,12567,3
10919,12571,1
10924,12571,1
10940,12571,6
10941,12571,2
10950,12571,1
12501,12571,4
12504,12571,17
12507,12571,3
12508,12571,10
12514,12571,18
12518,12571,1
12520,12571,2
12522,12571,3
12524,12571,11
12531,12571,1
12533,12571,18
12538,12571,40
12540,12571,7
12545,12571,8
12546,12571,11
12550,12571,9
12553,12571,5
12564,12571,4
12567,12571,30
12569,12571,27
12570,12571,4
12572,12571,94
12574,12571,6
12578,12571,5
12580,12571,19
12581,12571,18
12582,12571,2
12583,12571,54
12586,12571,2
12589,12571,6
12590,12571,17
12594,12571,2
12601,12571,31
12603,12571,41
12746,12571,1
12771,12571,2
10940,12583,1
12504,12583,13
12507,12583,2
12514,12583,1
12522,12583,1
12533,12583,2
12538,12583,6
12540,12583,1
12545,12583,3
12546,12583,1
12549,12583,1
12553,12583,1
12569,12583,2
12570,12583,1
12571,12583,43
12572,12583,9
12574,12583,1
12578,12583,2
12590,12583,2
12594,12583,1
12601,12583,3
12603,12583,4
10918,10925,1
10921,10925,2
10924,10925,3
10930,10925,1
10940,10925,4
10941,10925,5
10950,10925,16
10969,10925,1
10979,10925,5
10987,10925,1
10990,10925,21
10992,10925,2
12533,10925,1
12542,10925,1
12550,10925,1
12553,10925,1
12564,10925,1
12577,10925,2
12586,10925,1
12590,10925,1
12601,10925,2
12771,10925,1
10916,12543,9
10917,12543,1
10918,12543,8
10919,12543,1
10924,12543,2
10925,12543,1
10940,12543,19
10941,12543,11
10950,12543,8
10958,12543,2
10963,12543,2
10979,12543,1
10985,12543,1
10990,12543,4
10992,12543,4
10998,12543,2
12508,12543,3
12518,12543,2
12524,12543,3
12533,12543,5
12538,12543,3
12540,12543,1
12542,12543,2
12549,12543,19
12550,12543,51
12553,12543,19
12564,12543,1
12566,12543,11
12569,12543,3
12571,12543,1
12575,12543,3
12577,12543,2
12582,12543,1
12583,12543,1
12586,12543,28
12589,12543,14
12590,12543,8
12594,12543,2
12601,12543,15
12603,12543,2
12721,12543,5
12729,12543,1
12771,12543,4
12780,12543,1
10916,10921,9
10918,10921,36
10919,10921,2
10922,10921,1
10924,10921,60
10925,10921,10
10926,10921,6
10928,10921,1
10930,10921,7
10932,10921,1
10933,10921,2
10940,10921,104
10941,10921,25
10950,10921,30
10958,10921,10
10963,10921,9
10969,10921,17
10973,10921,9
10987,10921,3
10988,10921,2
10990,10921,146
10992,10921,14
10998,10921,15
12501,10921,1
12508,10921,5
12518,10921,3
12520,10921,2
12522,10921,1
12533,10921,1
12538,10921,1
12540,10921,1
12542,10921,2
12543,10921,8
12545,10921,1
12549,10921,12
12550,10921,21
12553,10921,17
12566,10921,9
12570,10921,2
12575,10921,2
12577,10921,2
12580,10921,1
12582,10921,1
12583,10921,1
12586,10921,7
12589,10921,10
12590,10921,5
12594,10921,1
12601,10921,3
12603,10921,1
12721,10921,12
12729,10921,4
12771,10921,17
12780,10921,3
12785,10921,2
10924,12569,1
10925,12569,2
10940,12569,5
10941,12569,4
10950,12569,1
10963,12569,2
10973,12569,2
10990,12569,4
10992,12569,1
10998,12569,1
12501,12569,9
12504,12569,3
12508,12569,11
12514,12569,19
12518,12569,1
12520,12569,1
12522,12569,30
12524,12569,17
12531,12569,3
12533,12569,56
12538,12569,88
12540,12569,39
12542,12569,16
12543,12569,1
12545,12569,40
12546,12569,2
12549,12569,3
12550,12569,14
12553,12569,9
12564,12569,14
12566,12569,3
12567,12569,12
12570,12569,34
12571,12569,21
12572,12569,19
12575,12569,1
12577,12569,1
12578,12569,32
12580,12569,27
12581,12569,13
12582,12569,1
12585,12569,4
12586,12569,6
12589,12569,11
12590,12569,62
12592,12569,7
12594,12569,12
12601,12569,155
12603,12569,211
12604,12569,1
12721,12569,2
12771,12569,2
10917,12572,1
10918,12572,1
10921,12572,1
10924,12572,3
10930,12572,1
10940,12572,8
10941,12572,4
10950,12572,1
10969,12572,1
10990,12572,4
10992,12572,2
10998,12572,1
12501,12572,8
12504,12572,11
12507,12572,2
12508,12572,34
12514,12572,46
12518,12572,4
12520,12572,2
12522,12572,13
12524,12572,16
12531,12572,8
12533,12572,51
12538,12572,190
12540,12572,17
12542,12572,10
12543,12572,1
12545,12572,27
12546,12572,8
12549,12572,5
12550,12572,15
12553,12572,7
12564,12572,12
12566,12572,6
12567,12572,52
12569,12572,65
12570,12572,19
12571,12572,418
12574,12572,25
12577,12572,1
12578,12572,36
12580,12572,116
12581,12572,29
12582,12572,12
12583,12572,52
12585,12572,1
12586,12572,2
12589,12572,15
12590,12572,47
12592,12572,8
12594,12572,11
12601,12572,155
12603,12572,110
12604,12572,3
12721,12572,3
12771,12572,2
12780,12572,1
12785,12572,1
10914,10916,1
10915,10916,1
10917,10916,3
10918,10916,20
10919,10916,3
10921,10916,5
10924,10916,36
10926,10916,7
10928,10916,3
10930,10916,5
10940,10916,82
10941,10916,30
10950,10916,19
10958,10916,6
10963,10916,6
10973,10916,5
10987,10916,1
10988,10916,1
10990,10916,10
10992,10916,17
10998,10916,5
12508,10916,5
12520,10916,1
12524,10916,6
12531,10916,2
12533,10916,10
12538,10916,1
12542,10916,2
12543,10916,20
12546,10916,2
12549,10916,39
12550,10916,43
12553,10916,17
12566,10916,15
12570,10916,1
12571,10916,2
12575,10916,5
12577,10916,1
12582,10916,3
12586,10916,24
12589,10916,10
12590,10916,7
12601,10916,2
12603,10916,5
12721,10916,9
12729,10916,3
12746,10916,1
12771,10916,13
12780,10916,3
12522,12574,1
12524,12574,2
12538,12574,2
12540,12574,1
12545,12574,2
12550,12574,1
12567,12574,3
12569,12574,2
12571,12574,6
12572,12574,13
12580,12574,2
12581,12574,1
12583,12574,1
12590,12574,1
12601,12574,4
12603,12574,2
10916,12538,2
10917,12538,1
10924,12538,3
10940,12538,8
10941,12538,4
10950,12538,2
10988,12538,1
10990,12538,2
10992,12538,1
10998,12538,1
12501,12538,3
12504,12538,2
12507,12538,3
12508,12538,25
12514,12538,22
12518,12538,2
12522,12538,5
12524,12538,10
12531,12538,2
12533,12538,43
12540,12538,16
12542,12538,13
12543,12538,1
12545,12538,12
12546,12538,1
12549,12538,3
12550,12538,23
12553,12538,2
12564,12538,7
12567,12538,4
12569,12538,60
12570,12538,12
12571,12538,43
12572,12538,48
12574,12538,1
12578,12538,20
12580,12538,82
12581,12538,3
12582,12538,3
12583,12538,6
12585,12538,5
12586,12538,3
12589,12538,8
12590,12538,70
12592,12538,3
12594,12538,6
12601,12538,363
12603,12538,199
12604,12538,1
12721,12538,1
12771,12538,5
12501,12546,32
12508,12546,2
12514,12546,4
12522,12546,23
12531,12546,3
12533,12546,2
12538,12546,4
12540,12546,4
12545,12546,8
12550,12546,1
12553,12546,1
12564,12546,7
12567,12546,18
12569,12546,4
12570,12546,1
12571,12546,13
12572,12546,8
12578,12546,1
12580,12546,5
12581,12546,4
12589,12546,1
12590,12546,2
12592,12546,16
12594,12546,9
12601,12546,4
12603,12546,6
10917,12729,1
10924,12729,6
10930,12729,3
10940,12729,50
10941,12729,4
10950,12729,2
10963,12729,29
10973,12729,2
10996,12729,1
12533,12729,1
12553,12729,2
12566,12729,2
12578,12729,1
12586,12729,1
12603,12729,1
12721,12729,1
12746,12729,29
12771,12729,72
12780,12729,13
12785,12729,3
10916,12589,6
10918,12589,4
10919,12589,1
10924,12589,6
10925,12589,1
10928,12589,1
10930,12589,2
10940,12589,29
10941,12589,10
10950,12589,14
10958,12589,1
10963,12589,5
10985,12589,2
10988,12589,1
10990,12589,6
10992,12589,3
12504,12589,1
12508,12589,10
12514,12589,1
12518,12589,3
12520,12589,4
12522,12589,5
12524,12589,4
12533,12589,14
12538,12589,11
12540,12589,5
12542,12589,11
12543,12589,5
12545,12589,2
12549,12589,42
12550,12589,72
12553,12589,33
12564,12589,2
12566,12589,67
12569,12589,5
12571,12589,2
12572,12589,3
12575,12589,3
12577,12589,1
12578,12589,2
12580,12589,6
12582,12589,1
12586,12589,49
12590,12589,22
12601,12589,19
12603,12589,20
12721,12589,16
12729,12589,2
12746,12589,1
12771,12589,3
12780,12589,1
12785,12589,1
10917,12570,1
10924,12570,2
10941,12570,1
10963,12570,1
10987,12570,1
10992,12570,1
12501,12570,1
12508,12570,8
12512,12570,1
12514,12570,2
12522,12570,1
12524,12570,11
12531,12570,5
12533,12570,38
12538,12570,6
12540,12570,20
12545,12570,6
12546,12570,4
12550,12570,6
12553,12570,1
12564,12570,17
12566,12570,1
12567,12570,1
12569,12570,9
12572,12570,4
12577,12570,1
12578,12570,8
12580,12570,1
12581,12570,1
12582,12570,7
12585,12570,2
12586,12570,2
12589,12570,1
12590,12570,11
12594,12570,7
12601,12570,22
12603,12570,32
12721,12570,1
10916,10973,1
10918,10973,6
10921,10973,1
10924,10973,4
10925,10973,2
10933,10973,1
10940,10973,50
10941,10973,2
10950,10973,6
10958,10973,13
10963,10973,7
10969,10973,1
10988,10973,1
10990,10973,6
10992,10973,6
10998,10973,5
12524,10973,1
12533,10973,1
12545,10973,1
12549,10973,5
12550,10973,6
12553,10973,3
12566,10973,4
12586,10973,2
12589,10973,3
12590,10973,1
12601,10973,1
12603,10973,1
12721,10973,7
12729,10973,4
12771,10973,20
10916,10963,2
10918,10963,2
10924,10963,1
10940,10963,46
10941,10963,5
10950,10963,1
10973,10963,4
10988,10963,2
10990,10963,4
10992,10963,1
10998,10963,4
12545,10963,1
12550,10963,1
12553,10963,1
12566,10963,1
12589,10963,1
12721,10963,4
12729,10963,1
12746,10963,1
12771,10963,5
12780,10963,1
12785,10963,1
10925,10979,3
10950,10979,2
10953,10979,1
12566,10979,1
10926,12582,1
10950,12582,1
10990,12582,1
10992,12582,1
12508,12582,12
12522,12582,1
12524,12582,8
12531,12582,8
12533,12582,31
12538,12582,3
12540,12582,6
12542,12582,3
12545,12582,2
12550,12582,8
12553,12582,6
12564,12582,2
12567,12582,1
12569,12582,11
12570,12582,9
12571,12582,1
12572,12582,1
12577,12582,1
12578,12582,1
12580,12582,1
12585,12582,3
12589,12582,2
12590,12582,20
12601,12582,14
12603,12582,19
12604,12582,1
10915,12586,1
10916,12586,6
10918,12586,8
10919,12586,3
10921,12586,2
10924,12586,16
10925,12586,1
10928,12586,2
10930,12586,2
10940,12586,54
10941,12586,10
10950,12586,15
10958,12586,3
10963,12586,5
10973,12586,2
10988,12586,1
10990,12586,10
10992,12586,13
10998,12586,2
12508,12586,12
12514,12586,1
12518,12586,5
12520,12586,7
12522,12586,2
12524,12586,6
12531,12586,1
12533,12586,4
12538,12586,2
12540,12586,2
12542,12586,7
12543,12586,17
12545,12586,1
12549,12586,99
12550,12586,136
12553,12586,24
12564,12586,4
12566,12586,56
12569,12586,5
12570,12586,2
12571,12586,1
12575,12586,5
12577,12586,5
12578,12586,1
12589,12586,79
12590,12586,15
12594,12586,4
12601,12586,17
12603,12586,12
12721,12586,19
12729,12586,1
12771,12586,4
12780,12586,1
10916,12520,1
10917,12520,2
10918,12520,1
10922,12520,1
10924,12520,4
10926,12520,2
10928,12520,4
10930,12520,11
10940,12520,2
10950,12520,10
10953,12520,3
10958,12520,1
10969,12520,1
10973,12520,1
10990,12520,3
10992,12520,7
12508,12520,8
12518,12520,36
12533,12520,1
12540,12520,2
12542,12520,1
12549,12520,8
12550,12520,40
12553,12520,41
12566,12520,4
12570,12520,1
12572,12520,3
12575,12520,2
12577,12520,3
12578,12520,1
12585,12520,1
12586,12520,8
12589,12520,7
12590,12520,4
12601,12520,1
12603,12520,4
12721,12520,3
10919,12746,1
10924,12746,2
10930,12746,3
10940,12746,6
10941,12746,2
10950,12746,1
10963,12746,2
10988,12746,1
10998,12746,1
12550,12746,2
12553,12746,1
12586,12746,1
12729,12746,12
12771,12746,107
12780,12746,12
12785,12746,3
10914,12531,1
10917,12531,1
10924,12531,1
10940,12531,1
10963,12531,1
12508,12531,10
12522,12531,5
12524,12531,11
12533,12531,33
12538,12531,4
12540,12531,7
12543,12531,1
12545,12531,1
12546,12531,1
12549,12531,3
12550,12531,6
12553,12531,5
12564,12531,26
12569,12531,6
12570,12531,10
12582,12531,8
12585,12531,1
12586,12531,2
12590,12531,13
12592,12531,3
12594,12531,9
12601,12531,6
12603,12531,13
12771,12531,1
10915,10919,1
10916,10919,2
10924,10919,2
10925,10919,1
10926,10919,1
10933,10919,1
10940,10919,30
10941,10919,9
10950,10919,6
10958,10919,1
10963,10919,2
10973,10919,1
10990,10919,3
12518,10919,1
12543,10919,2
12549,10919,4
12550,10919,4
12553,10919,2
12566,10919,3
12569,10919,1
12586,10919,5
12589,10919,2
12601,10919,1
12603,10919,2
12721,10919,7
12771,10919,1
10918,10975,1
10924,10975,1
10925,10975,1
10940,10975,1
10987,10975,7
10990,10975,3
10992,10975,1
12575,10975,1
12586,10975,1
12589,10975,1
12771,10975,1
10914,10992,2
10916,10992,21
10918,10992,25
10921,10992,4
10922,10992,5
10924,10992,18
10925,10992,4
10926,10992,2
10928,10992,5
10930,10992,7
10940,10992,30
10941,10992,9
10950,10992,63
10958,10992,3
10963,10992,6
10973,10992,5
10987,10992,3
10990,10992,14
10998,10992,5
12508,10992,5
12518,10992,4
12520,10992,6
12522,10992,1
12524,10992,2
12531,10992,2
12533,10992,5
12542,10992,4
12543,10992,8
12545,10992,1
12546,10992,1
12549,10992,18
12550,10992,46
12553,10992,55
12566,10992,5
12569,10992,1
12571,10992,1
12572,10992,1
12575,10992,11
12577,10992,18
12578,10992,1
12582,10992,2
12583,10992,1
12586,10992,10
12589,10992,15
12590,10992,12
12601,10992,4
12603,10992,7
12721,10992,5
12746,10992,1
12771,10992,11
12780,10992,4
10916,12575,3
10918,12575,1
10921,12575,2
10924,12575,2
10930,12575,1
10940,12575,21
10941,12575,7
10950,12575,7
10963,12575,2
10988,12575,1
10990,12575,1
10992,12575,7
12508,12575,8
12518,12575,2
12524,12575,3
12531,12575,1
12533,12575,3
12538,12575,3
12540,12575,1
12542,12575,7
12543,12575,4
12549,12575,33
12550,12575,40
12553,12575,12
12564,12575,1
12566,12575,14
12567,12575,1
12571,12575,1
12572,12575,1
12577,12575,1
12580,12575,2
12583,12575,1
12586,12575,27
12589,12575,12
12590,12575,2
12601,12575,4
12603,12575,10
12721,12575,5
12746,12575,1
12771,12575,3
12785,12575,1
12501,12578,1
12508,12578,3
12514,12578,5
12522,12578,5
12524,12578,2
12531,12578,1
12533,12578,12
12538,12578,23
12540,12578,4
12545,12578,15
12549,12578,1
12550,12578,2
12553,12578,1
12564,12578,3
12567,12578,3
12569,12578,40
12570,12578,3
12571,12578,3
12572,12578,8
12580,12578,4
12581,12578,3
12582,12578,1
12583,12578,1
12585,12578,1
12586,12578,1
12589,12578,1
12590,12578,12
12592,12578,1
12601,12578,37
12603,12578,24
10930,12514,1
10940,12514,1
10950,12514,1
12508,12514,1
12522,12514,2
12524,12514,2
12531,12514,1
12533,12514,1
12538,12514,4
12540,12514,1
12545,12514,7
12546,12514,3
12567,12514,2
12569,12514,3
12571,12514,6
12572,12514,7
12578,12514,7
12580,12514,9
12581,12514,4
12583,12514,1
12589,12514,1
12590,12514,3
12601,12514,7
12603,12514,3
10921,12592,1
10950,12592,1
12501,12592,22
12508,12592,1
12514,12592,4
12522,12592,18
12531,12592,1
12533,12592,2
12538,12592,2
12540,12592,3
12545,12592,8
12546,12592,5
12550,12592,1
12564,12592,3
12567,12592,6
12571,12592,3
12572,12592,1
12581,12592,2
12583,12592,1
12590,12592,5
12594,12592,5
12601,12592,7
12603,12592,8
10940,12580,1
10950,12580,1
10988,12580,1
10990,12580,1
10998,12580,1
12501,12580,3
12504,12580,2
12508,12580,13
12514,12580,14
12520,12580,1
12524,12580,6
12533,12580,16
12538,12580,93
12540,12580,7
12542,12580,1
12545,12580,12
12549,12580,1
12550,12580,12
12553,12580,6
12566,12580,1
12567,12580,1
12569,12580,32
12570,12580,5
12571,12580,12
12572,12580,15
12575,12580,2
12578,12580,7
12581,12580,9
12583,12580,10
12585,12580,1
12586,12580,5
12589,12580,5
12590,12580,33
12594,12580,2
12601,12580,155
12603,12580,61
12604,12580,1
10916,12721,2
10918,12721,3
10919,12721,3
10921,12721,1
10924,12721,6
10940,12721,49
10941,12721,17
10950,12721,6
10958,12721,2
10963,12721,2
10969,12721,1
10973,12721,2
10990,12721,3
10992,12721,1
12518,12721,1
12533,12721,1
12538,12721,1
12542,12721,1
12543,12721,2
12545,12721,1
12549,12721,15
12550,12721,6
12553,12721,1
12564,12721,1
12566,12721,27
12569,12721,2
12575,12721,1
12580,12721,1
12586,12721,8
12589,12721,7
12590,12721,3
12601,12721,3
12603,12721,1
12729,12721,3
12771,12721,9
12780,12721,1
12785,12721,2
10916,12594,1
10919,12594,1
10940,12594,2
10950,12594,1
12501,12594,9
12508,12594,2
12514,12594,2
12522,12594,52
12524,12594,1
12531,12594,4
12533,12594,16
12538,12594,3
12540,12594,6
12542,12594,1
12545,12594,5
12546,12594,2
12549,12594,2
12550,12594,7
12553,12594,4
12564,12594,28
12567,12594,4
12569,12594,2
12570,12594,8
12571,12594,5
12572,12594,4
12578,12594,1
12580,12594,1
12581,12594,2
12582,12594,3
12585,12594,3
12590,12594,9
12592,12594,10
12601,12594,10
12603,12594,16
10914,10958,1
10916,10958,6
10917,10958,2
10918,10958,30
10919,10958,5
10921,10958,18
10922,10958,1
10924,10958,64
10926,10958,3
10930,10958,8
10933,10958,6
10940,10958,254
10941,10958,52
10950,10958,36
10963,10958,19
10969,10958,5
10973,10958,40
10987,10958,1
10988,10958,4
10990,10958,29
10992,10958,10
10998,10958,26
12508,10958,3
12514,10958,1
12518,10958,3
12522,10958,1
12524,10958,2
12533,10958,3
12538,10958,2
12540,10958,1
12542,10958,4
12543,10958,13
12549,10958,20
12550,10958,32
12553,10958,16
12566,10958,16
12570,10958,2
12571,10958,3
12575,10958,3
12582,10958,1
12586,10958,16
12589,10958,14
12590,10958,5
12601,10958,5
12603,10958,2
12721,10958,29
12729,10958,4
12746,10958,3
12771,10958,70
12780,10958,9
12785,10958,6
10916,10996,4
10917,10996,2
10918,10996,16
10919,10996,1
10921,10996,1
10922,10996,18
10924,10996,14
10926,10996,1
10928,10996,127
10930,10996,10
10940,10996,16
10941,10996,7
10950,10996,25
10990,10996,16
10992,10996,10
10998,10996,1
12508,10996,13
12518,10996,17
12520,10996,13
12524,10996,5
12527,10996,1
12533,10996,3
12538,10996,5
12542,10996,5
12549,10996,8
12550,10996,70
12553,10996,61
12564,10996,1
12566,10996,4
12567,10996,1
12569,10996,2
12571,10996,2
12572,10996,1
12575,10996,2
12577,10996,2
12582,10996,1
12583,10996,1
12585,10996,1
12586,10996,8
12589,10996,6
12590,10996,13
12601,10996,3
12603,10996,8
12721,10996,1
12746,10996,1
12771,10996,6
10918,10914,6
10924,10914,1
10925,10914,2
10940,10914,2
10941,10914,1
10950,10914,4
10990,10914,3
10992,10914,9
10998,10914,1
12508,10914,1
12518,10914,2
12543,10914,2
12553,10914,5
12566,10914,1
12577,10914,3
12586,10914,1
12589,10914,2
12603,10914,1
10922,10911,12
10924,10911,1
10928,10911,29
10930,10911,1
10941,10911,1
10950,10911,2
10992,10911,1
10996,10911,1
10998,10911,1
12508,10911,2
12518,10911,1
12520,10911,2
12550,10911,1
12553,10911,5
12571,10911,1
12586,10911,1
10916,12577,2
10918,12577,3
10921,12577,1
10924,12577,3
10925,12577,1
10928,12577,1
10930,12577,4
10933,12577,1
10940,12577,4
10950,12577,9
10953,12577,1
10963,12577,2
10990,12577,2
10992,12577,10
10998,12577,1
12508,12577,2
12518,12577,2
12520,12577,6
12524,12577,1
12533,12577,1
12543,12577,1
12549,12577,7
12550,12577,17
12553,12577,17
12566,12577,2
12575,12577,1
12586,12577,1
12589,12577,9
12590,12577,1
12601,12577,2
12603,12577,2
12721,12577,1
12771,12577,1
10916,10969,1
10918,10969,6
10921,10969,7
10924,10969,8
10925,10969,1
10930,10969,1
10933,10969,2
10940,10969,12
10941,10969,1
10950,10969,5
10958,10969,1
10963,10969,2
10973,10969,3
10985,10969,1
10987,10969,1
10988,10969,1
10990,10969,49
10998,10969,7
12549,10969,3
12550,10969,2
12553,10969,1
12566,10969,3
12589,10969,1
12603,10969,1
12721,10969,2
12729,10969,2
12771,10969,10
12780,10969,1
10917,10953,2
10921,10953,1
10924,10953,1
10930,10953,2
10940,10953,1
10941,10953,1
10950,10953,16
10958,10953,1
10990,10953,1
10992,10953,1
12518,10953,10
12520,10953,8
12524,10953,1
12531,10953,1
12542,10953,2
12549,10953,1
12550,10953,14
12553,10953,20
12566,10953,1
12575,10953,3
12577,10953,2
12586,10953,2
12589,10953,1
12590,10953,1
12514,12585,1
12533,12585,3
12540,12585,8
12543,12585,1
12545,12585,3
12567,12585,1
12569,12585,1
12570,12585,1
12571,12585,1
12578,12585,1
12590,12585,1
12592,12585,1
12594,12585,1
12601,12585,2
12603,12585,3
10921,12780,1
10924,12780,7
10926,12780,1
10940,12780,16
10941,12780,6
10950,12780,3
10958,12780,1
10963,12780,3
10990,12780,1
10992,12780,3
12522,12780,1
12531,12780,1
12533,12780,1
12538,12780,1
12540,12780,2
12542,12780,2
12549,12780,1
12550,12780,7
12566,12780,3
12571,12780,2
12575,12780,1
12580,12780,1
12589,12780,1
12590,12780,2
12594,12780,1
12601,12780,3
12603,12780,3
12721,12780,5
12729,12780,9
12746,12780,2
12771,12780,34
12785,12780,4
10918,10922,1
10924,10922,2
10928,10922,26
10930,10922,2
10940,10922,1
10941,10922,3
10950,10922,1
10990,10922,1
10992,10922,2
10996,10922,1
12508,10922,1
12518,10922,1
12524,10922,5
12533,10922,1
12550,10922,3
12553,10922,3
12567,10922,1
12575,10922,2
12582,10922,1
12590,10922,2
12785,10922,1
12508,12527,2
12522,12527,1
12524,12527,1
12550,12527,1
12566,12527,1
10924,12512,1
12508,12512,4
12533,12512,1
12590,12512,5
12601,12512,1
10916,10998,2
10921,10998,1
10924,10998,2
10925,10998,1
10933,10998,4
10940,10998,12
10941,10998,1
10950,10998,1
10958,10998,6
10963,10998,2
10973,10998,1
10988,10998,5
10990,10998,10
10992,10998,1
12518,10998,1
12549,10998,1
12586,10998,1
12589,10998,1
12721,10998,1
12729,10998,1
12771,10998,11
10916,10988,2
10918,10988,1
10933,10988,2
10940,10988,3
10941,10988,2
10963,10988,1
10973,10988,1
10990,10988,2
10998,10988,6
12549,10988,1
12771,10988,2
10918,10933,2
10940,10933,1
10958,10933,1
10973,10933,1
10988,10933,3
12549,10933,1
12589,10933,1
12771,10933,1
10924,10932,1
10940,10932,1
10950,10932,1
10973,10932,1
12553,10932,1
10924,12785,1
10941,12785,1
12553,12785,4
12566,12785,2
12589,12785,1
12601,12785,1
12721,12785,1
10941,10915,3
12549,10915,4
12566,10915,6
12586,10915,3
12601,10915,1
12721,10915,4
12571,12507,1
12572,12507,1
